imgid_heading,img_id,heading,lat,long,date
10636_135,10636,135,43.026961,-87.917439,2018-09
10636_225,10636,225,43.026961,-87.917439,2018-09
10636_315,10636,315,43.026961,-87.917439,2018-09
10636_45,10636,45,43.026961,-87.917439,2018-09
11541_135,11541,135,43.0273505,-87.9153964,2017-10
11541_225,11541,225,43.0273505,-87.9153964,2017-10
11541_315,11541,315,43.0273505,-87.9153964,2017-10
11541_45,11541,45,43.0273505,-87.9153964,2017-10
11553_135,11553,135,43.026309499999996,-87.91541670000001,2017-08
11553_225,11553,225,43.026309499999996,-87.91541670000001,2017-08
11553_315,11553,315,43.026309499999996,-87.91541670000001,2017-08
11553_45,11553,45,43.026309499999996,-87.91541670000001,2017-08
12038_135,12038,135,43.02980223532954,-87.91098069942747,2017-10
12038_225,12038,225,43.02980223532954,-87.91098069942747,2017-10
12038_315,12038,315,43.02980223532954,-87.91098069942747,2017-10
12038_45,12038,45,43.02980223532954,-87.91098069942747,2017-10
12535_135,12535,135,43.02738555056875,-87.91400327892498,2017-10
12535_225,12535,225,43.02738555056875,-87.91400327892498,2017-10
12535_315,12535,315,43.02738555056875,-87.91400327892498,2017-10
12535_45,12535,45,43.02738555056875,-87.91400327892498,2017-10
12543_135,12543,135,43.026348258220644,-87.91401275264563,2017-08
12543_225,12543,225,43.026348258220644,-87.91401275264563,2017-08
12543_315,12543,315,43.026348258220644,-87.91401275264563,2017-08
12543_45,12543,45,43.026348258220644,-87.91401275264563,2017-08
12550_135,12550,135,43.0294123082133,-87.91393410213966,2018-09
12550_225,12550,225,43.0294123082133,-87.91393410213966,2018-09
12550_315,12550,315,43.0294123082133,-87.91393410213966,2018-09
12550_45,12550,45,43.0294123082133,-87.91393410213966,2018-09
12551_135,12551,135,43.0283751,-87.9139779,2018-09
12551_225,12551,225,43.0283751,-87.9139779,2018-09
12551_315,12551,315,43.0283751,-87.9139779,2018-09
12551_45,12551,45,43.0283751,-87.9139779,2018-09
13056_135,13056,135,43.03249829999999,-87.9125131,2017-08
13056_225,13056,225,43.03249829999999,-87.9125131,2017-08
13056_315,13056,315,43.03249829999999,-87.9125131,2017-08
13056_45,13056,45,43.03249829999999,-87.9125131,2017-08
13057_135,13057,135,43.027317586008394,-87.91257707926762,2017-10
13057_225,13057,225,43.027317586008394,-87.91257707926762,2017-10
13057_315,13057,315,43.027317586008394,-87.91257707926762,2017-10
13057_45,13057,45,43.027317586008394,-87.91257707926762,2017-10
13060_135,13060,135,43.029386346470226,-87.91257580129324,2018-09
13060_225,13060,225,43.029386346470226,-87.91257580129324,2018-09
13060_315,13060,315,43.029386346470226,-87.91257580129324,2018-09
13060_45,13060,45,43.029386346470226,-87.91257580129324,2018-09
13064_135,13064,135,43.026294158022424,-87.91260818787796,2018-09
13064_225,13064,225,43.026294158022424,-87.91260818787796,2018-09
13064_315,13064,315,43.026294158022424,-87.91260818787796,2018-09
13064_45,13064,45,43.026294158022424,-87.91260818787796,2018-09
13065_135,13065,135,43.0283882595689,-87.91259788455697,2017-08
13065_225,13065,225,43.0283882595689,-87.91259788455697,2017-08
13065_315,13065,315,43.0283882595689,-87.91259788455697,2017-08
13065_45,13065,45,43.0283882595689,-87.91259788455697,2017-08
13066_135,13066,135,43.03045509404128,-87.91254422659374,2015-10
13066_225,13066,225,43.03045509404128,-87.91254422659374,2015-10
13066_315,13066,315,43.03045509404128,-87.91254422659374,2015-10
13066_45,13066,45,43.03045509404128,-87.91254422659374,2015-10
13428_135,13428,135,43.04900089497446,-87.91185052736645,2017-08
13428_225,13428,225,43.04900089497446,-87.91185052736645,2017-08
13428_315,13428,315,43.04900089497446,-87.91185052736645,2017-08
13428_45,13428,45,43.04900089497446,-87.91185052736645,2017-08
13560_135,13560,135,43.04014114261813,-87.90936067144587,2018-10
13560_225,13560,225,43.04014114261813,-87.90936067144587,2018-10
13560_315,13560,315,43.04014114261813,-87.90936067144587,2018-10
13560_45,13560,45,43.04014114261813,-87.90936067144587,2018-10
1357_135,1357,135,43.03736001462809,-87.89730126576697,2017-07
1357_225,1357,225,43.03736001462809,-87.89730126576697,2017-07
1357_315,1357,315,43.03736001462809,-87.89730126576697,2017-07
1357_45,1357,45,43.03736001462809,-87.89730126576697,2017-07
1358_135,1358,135,43.0397859429663,-87.89820956937784,2017-08
1358_225,1358,225,43.0397859429663,-87.89820956937784,2017-08
1358_315,1358,315,43.0397859429663,-87.89820956937784,2017-08
1358_45,1358,45,43.0397859429663,-87.89820956937784,2017-08
13636_135,13636,135,43.035978456774,-87.911148667955,2019-11
13636_225,13636,225,43.035978456774,-87.911148667955,2019-11
13636_315,13636,315,43.035978456774,-87.911148667955,2019-11
13636_45,13636,45,43.035978456774,-87.911148667955,2019-11
13637_135,13637,135,43.03422933514267,-87.91145311492636,2016-11
13637_225,13637,225,43.03422933514267,-87.91145311492636,2016-11
13637_315,13637,315,43.03422933514267,-87.91145311492636,2016-11
13637_45,13637,45,43.03422933514267,-87.91145311492636,2016-11
13638_135,13638,135,43.03467684614702,-87.91121991122904,2017-08
13638_225,13638,225,43.03467684614702,-87.91121991122904,2017-08
13638_315,13638,315,43.03467684614702,-87.91121991122904,2017-08
13638_45,13638,45,43.03467684614702,-87.91121991122904,2017-08
13639_135,13639,135,43.03734259373663,-87.91118654826685,2017-08
13639_225,13639,225,43.03734259373663,-87.91118654826685,2017-08
13639_315,13639,315,43.03734259373663,-87.91118654826685,2017-08
13639_45,13639,45,43.03734259373663,-87.91118654826685,2017-08
13640_135,13640,135,43.041476856862786,-87.91351929314901,2017-08
13640_225,13640,225,43.041476856862786,-87.91351929314901,2017-08
13640_315,13640,315,43.041476856862786,-87.91351929314901,2017-08
13640_45,13640,45,43.041476856862786,-87.91351929314901,2017-08
13641_135,13641,135,43.038680431543895,-87.91119979985966,2015-11
13641_225,13641,225,43.038680431543895,-87.91119979985966,2015-11
13641_315,13641,315,43.038680431543895,-87.91119979985966,2015-11
13641_45,13641,45,43.038680431543895,-87.91119979985966,2015-11
13647_135,13647,135,43.05288675627382,-87.90465927393204,2018-07
13647_225,13647,225,43.05288675627382,-87.90465927393204,2018-07
13647_315,13647,315,43.05288675627382,-87.90465927393204,2018-07
13647_45,13647,45,43.05288675627382,-87.90465927393204,2018-07
13854_135,13854,135,43.049659952465106,-87.90762735052013,2016-10
13854_225,13854,225,43.049659952465106,-87.90762735052013,2016-10
13854_315,13854,315,43.049659952465106,-87.90762735052013,2016-10
13854_45,13854,45,43.049659952465106,-87.90762735052013,2016-10
13855_135,13855,135,43.03108220000001,-87.9100624,2017-10
13855_225,13855,225,43.03108220000001,-87.9100624,2017-10
13855_315,13855,315,43.03108220000001,-87.9100624,2017-10
13855_45,13855,45,43.03108220000001,-87.9100624,2017-10
13995_135,13995,135,43.046051120955546,-87.91440644597077,2018-08
13995_225,13995,225,43.046051120955546,-87.91440644597077,2018-08
13995_315,13995,315,43.046051120955546,-87.91440644597077,2018-08
13995_45,13995,45,43.046051120955546,-87.91440644597077,2018-08
13996_135,13996,135,43.04430157647668,-87.91443642951927,2014-10
13996_225,13996,225,43.04430157647668,-87.91443642951927,2014-10
13996_315,13996,315,43.04430157647668,-87.91443642951927,2014-10
13996_45,13996,45,43.04430157647668,-87.91443642951927,2014-10
13997_135,13997,135,43.045690062517494,-87.91441243317449,2015-10
13997_225,13997,225,43.045690062517494,-87.91441243317449,2015-10
13997_315,13997,315,43.045690062517494,-87.91441243317449,2015-10
13997_45,13997,45,43.045690062517494,-87.91441243317449,2015-10
14069_135,14069,135,43.0505684,-87.9143256,2017-10
14069_225,14069,225,43.0505684,-87.9143256,2017-10
14069_315,14069,315,43.0505684,-87.9143256,2017-10
14069_45,14069,45,43.0505684,-87.9143256,2017-10
14072_135,14072,135,43.051194195771465,-87.91430742183461,2017-10
14072_225,14072,225,43.051194195771465,-87.91430742183461,2017-10
14072_315,14072,315,43.051194195771465,-87.91430742183461,2017-10
14072_45,14072,45,43.051194195771465,-87.91430742183461,2017-10
14078_135,14078,135,43.049831055678254,-87.91434207142477,2017-10
14078_225,14078,225,43.049831055678254,-87.91434207142477,2017-10
14078_315,14078,315,43.049831055678254,-87.91434207142477,2017-10
14078_45,14078,45,43.049831055678254,-87.91434207142477,2017-10
14082_135,14082,135,43.048438771527316,-87.91442022443954,2017-10
14082_225,14082,225,43.048438771527316,-87.91442022443954,2017-10
14082_315,14082,315,43.048438771527316,-87.91442022443954,2017-10
14082_45,14082,45,43.048438771527316,-87.91442022443954,2017-10
14115_135,14115,135,43.04976710337269,-87.896893792144,2018-10
14115_225,14115,225,43.04976710337269,-87.896893792144,2018-10
14115_315,14115,315,43.04976710337269,-87.896893792144,2018-10
14115_45,14115,45,43.04976710337269,-87.896893792144,2018-10
14168_135,14168,135,43.050214399999994,-87.90832979999999,2016-10
14168_225,14168,225,43.050214399999994,-87.90832979999999,2016-10
14168_315,14168,315,43.050214399999994,-87.90832979999999,2016-10
14168_45,14168,45,43.050214399999994,-87.90832979999999,2016-10
1452_135,1452,135,43.04569410568354,-87.89968176563472,2017-10
1452_225,1452,225,43.04569410568354,-87.89968176563472,2017-10
1452_315,1452,315,43.04569410568354,-87.89968176563472,2017-10
1452_45,1452,45,43.04569410568354,-87.89968176563472,2017-10
1453_135,1453,135,43.045796491980134,-87.9085784158775,2018-11
1453_225,1453,225,43.045796491980134,-87.9085784158775,2018-11
1453_315,1453,315,43.045796491980134,-87.9085784158775,2018-11
1453_45,1453,45,43.045796491980134,-87.9085784158775,2018-11
1454_135,1454,135,43.04570247173299,-87.90100877130591,2017-08
1454_225,1454,225,43.04570247173299,-87.90100877130591,2017-08
1454_315,1454,315,43.04570247173299,-87.90100877130591,2017-08
1454_45,1454,45,43.04570247173299,-87.90100877130591,2017-08
1455_135,1455,135,43.04573224754002,-87.90477851438591,2018-10
1455_225,1455,225,43.04573224754002,-87.90477851438591,2018-10
1455_315,1455,315,43.04573224754002,-87.90477851438591,2018-10
1455_45,1455,45,43.04573224754002,-87.90477851438591,2018-10
1456_135,1456,135,43.04570394830335,-87.91241751111313,2011-06
1456_225,1456,225,43.04570394830335,-87.91241751111313,2011-06
1456_315,1456,315,43.04570394830335,-87.91241751111313,2011-06
1456_45,1456,45,43.04570394830335,-87.91241751111313,2011-06
1457_135,1457,135,43.045728499999996,-87.903525,2018-11
1457_225,1457,225,43.045728499999996,-87.903525,2018-11
1457_315,1457,315,43.045728499999996,-87.903525,2018-11
1457_45,1457,45,43.045728499999996,-87.903525,2018-11
1458_135,1458,135,43.04571729999999,-87.90226379999999,2017-08
1458_225,1458,225,43.04571729999999,-87.90226379999999,2017-08
1458_315,1458,315,43.04571729999999,-87.90226379999999,2017-08
1458_45,1458,45,43.04571729999999,-87.90226379999999,2017-08
1459_135,1459,135,43.04578161133253,-87.91106890812334,2018-10
1459_225,1459,225,43.04578161133253,-87.91106890812334,2018-10
1459_315,1459,315,43.04578161133253,-87.91106890812334,2018-10
1459_45,1459,45,43.04578161133253,-87.91106890812334,2018-10
1460_135,1460,135,43.045690930482884,-87.89844017103907,2017-10
1460_225,1460,225,43.045690930482884,-87.89844017103907,2017-10
1460_315,1460,315,43.045690930482884,-87.89844017103907,2017-10
1460_45,1460,45,43.045690930482884,-87.89844017103907,2017-10
1461_135,1461,135,43.0457109,-87.9098949,2017-08
1461_225,1461,225,43.0457109,-87.9098949,2017-08
1461_315,1461,315,43.0457109,-87.9098949,2017-08
1461_45,1461,45,43.0457109,-87.9098949,2017-08
1462_135,1462,135,43.04575274504299,-87.90729361235695,2018-10
1462_225,1462,225,43.04575274504299,-87.90729361235695,2018-10
1462_315,1462,315,43.04575274504299,-87.90729361235695,2018-10
1462_45,1462,45,43.04575274504299,-87.90729361235695,2018-10
1463_135,1463,135,43.045668861902286,-87.91339692293778,2018-10
1463_225,1463,225,43.045668861902286,-87.91339692293778,2018-10
1463_315,1463,315,43.045668861902286,-87.91339692293778,2018-10
1463_45,1463,45,43.045668861902286,-87.91339692293778,2018-10
1465_135,1465,135,43.04038599632899,-87.9004251345398,2017-10
1465_225,1465,225,43.04038599632899,-87.9004251345398,2017-10
1465_315,1465,315,43.04038599632899,-87.9004251345398,2017-10
1465_45,1465,45,43.04038599632899,-87.9004251345398,2017-10
1466_135,1466,135,43.04005883627015,-87.9053969768578,2018-10
1466_225,1466,225,43.04005883627015,-87.9053969768578,2018-10
1466_315,1466,315,43.04005883627015,-87.9053969768578,2018-10
1466_45,1466,45,43.04005883627015,-87.9053969768578,2018-10
1467_135,1467,135,43.04012480804824,-87.90413916913401,2018-10
1467_225,1467,225,43.04012480804824,-87.90413916913401,2018-10
1467_315,1467,315,43.04012480804824,-87.90413916913401,2018-10
1467_45,1467,45,43.04012480804824,-87.90413916913401,2018-10
1468_135,1468,135,43.0401829,-87.9029236,2018-10
1468_225,1468,225,43.0401829,-87.9029236,2018-10
1468_315,1468,315,43.0401829,-87.9029236,2018-10
1468_45,1468,45,43.0401829,-87.9029236,2018-10
1469_135,1469,135,43.040287335655975,-87.90167868329105,2017-08
1469_225,1469,225,43.040287335655975,-87.90167868329105,2017-08
1469_315,1469,315,43.040287335655975,-87.90167868329105,2017-08
1469_45,1469,45,43.040287335655975,-87.90167868329105,2017-08
1470_135,1470,135,43.03980682586221,-87.90926033338701,2018-10
1470_225,1470,225,43.03980682586221,-87.90926033338701,2018-10
1470_315,1470,315,43.03980682586221,-87.90926033338701,2018-10
1470_45,1470,45,43.03980682586221,-87.90926033338701,2018-10
1471_135,1471,135,43.03981807386357,-87.90976308701511,2017-08
1471_225,1471,225,43.03981807386357,-87.90976308701511,2017-08
1471_315,1471,315,43.03981807386357,-87.90976308701511,2017-08
1471_45,1471,45,43.03981807386357,-87.90976308701511,2017-08
1472_135,1472,135,43.0399687,-87.90666390000001,2018-10
1472_225,1472,225,43.0399687,-87.90666390000001,2018-10
1472_315,1472,315,43.0399687,-87.90666390000001,2018-10
1472_45,1472,45,43.0399687,-87.90666390000001,2018-10
14976_135,14976,135,43.028062626961486,-87.90683990507559,2017-10
14976_225,14976,225,43.028062626961486,-87.90683990507559,2017-10
14976_315,14976,315,43.028062626961486,-87.90683990507559,2017-10
14976_45,14976,45,43.028062626961486,-87.90683990507559,2017-10
14977_135,14977,135,43.0272865,-87.90615770000001,2017-10
14977_225,14977,225,43.0272865,-87.90615770000001,2017-10
14977_315,14977,315,43.0272865,-87.90615770000001,2017-10
14977_45,14977,45,43.0272865,-87.90615770000001,2017-10
1504_135,1504,135,43.049347999999995,-87.8982051,2017-10
1504_225,1504,225,43.049347999999995,-87.8982051,2017-10
1504_315,1504,315,43.049347999999995,-87.8982051,2017-10
1504_45,1504,45,43.049347999999995,-87.8982051,2017-10
1505_135,1505,135,43.0497133,-87.89689940000001,2018-10
1505_225,1505,225,43.0497133,-87.89689940000001,2018-10
1505_315,1505,315,43.0497133,-87.89689940000001,2018-10
1505_45,1505,45,43.0497133,-87.89689940000001,2018-10
15199_135,15199,135,43.04162928950655,-87.91294209155495,2018-11
15199_225,15199,225,43.04162928950655,-87.91294209155495,2018-11
15199_315,15199,315,43.04162928950655,-87.91294209155495,2018-11
15199_45,15199,45,43.04162928950655,-87.91294209155495,2018-11
15597_135,15597,135,43.031320799999996,-87.9184967,2018-09
15597_225,15597,225,43.031320799999996,-87.9184967,2018-09
15597_315,15597,315,43.031320799999996,-87.9184967,2018-09
15597_45,15597,45,43.031320799999996,-87.9184967,2018-09
16038_135,16038,135,43.04568990690221,-87.89753418640507,2017-10
16038_225,16038,225,43.04568990690221,-87.89753418640507,2017-10
16038_315,16038,315,43.04568990690221,-87.89753418640507,2017-10
16038_45,16038,45,43.04568990690221,-87.89753418640507,2017-10
16040_135,16040,135,43.040367225405475,-87.89947800652313,2018-10
16040_225,16040,225,43.040367225405475,-87.89947800652313,2018-10
16040_315,16040,315,43.040367225405475,-87.89947800652313,2018-10
16040_45,16040,45,43.040367225405475,-87.89947800652313,2018-10
16117_135,16117,135,43.04803684763264,-87.91090333531626,2017-08
16117_225,16117,225,43.04803684763264,-87.91090333531626,2017-08
16117_315,16117,315,43.04803684763264,-87.91090333531626,2017-08
16117_45,16117,45,43.04803684763264,-87.91090333531626,2017-08
16118_135,16118,135,43.02735627077212,-87.90967560423903,2015-10
16118_225,16118,225,43.02735627077212,-87.90967560423903,2015-10
16118_315,16118,315,43.02735627077212,-87.90967560423903,2015-10
16118_45,16118,45,43.02735627077212,-87.90967560423903,2015-10
16119_135,16119,135,43.036282799999995,-87.907539,2017-08
16119_225,16119,225,43.036282799999995,-87.907539,2017-08
16119_315,16119,315,43.036282799999995,-87.907539,2017-08
16119_45,16119,45,43.036282799999995,-87.907539,2017-08
16124_135,16124,135,43.049708224787274,-87.89535949699136,2018-10
16124_225,16124,225,43.049708224787274,-87.89535949699136,2018-10
16124_315,16124,315,43.049708224787274,-87.89535949699136,2018-10
16124_45,16124,45,43.049708224787274,-87.89535949699136,2018-10
16125_135,16125,135,43.04914183146553,-87.89422169832687,2015-11
16125_225,16125,225,43.04914183146553,-87.89422169832687,2015-11
16125_315,16125,315,43.04914183146553,-87.89422169832687,2015-11
16125_45,16125,45,43.04914183146553,-87.89422169832687,2015-11
16126_135,16126,135,43.05026282697131,-87.89485400214298,2018-10
16126_225,16126,225,43.05026282697131,-87.89485400214298,2018-10
16126_315,16126,315,43.05026282697131,-87.89485400214298,2018-10
16126_45,16126,45,43.05026282697131,-87.89485400214298,2018-10
16127_135,16127,135,43.049750947194646,-87.89372478865587,2017-10
16127_225,16127,225,43.049750947194646,-87.89372478865587,2017-10
16127_315,16127,315,43.049750947194646,-87.89372478865587,2017-10
16127_45,16127,45,43.049750947194646,-87.89372478865587,2017-10
16130_135,16130,135,43.0327499,-87.9058398,2017-08
16130_225,16130,225,43.0327499,-87.9058398,2017-08
16130_315,16130,315,43.0327499,-87.9058398,2017-08
16130_45,16130,45,43.0327499,-87.9058398,2017-08
16191_135,16191,135,43.033929313344146,-87.90597133419737,2018-10
16191_225,16191,225,43.033929313344146,-87.90597133419737,2018-10
16191_315,16191,315,43.033929313344146,-87.90597133419737,2018-10
16191_45,16191,45,43.033929313344146,-87.90597133419737,2018-10
16216_135,16216,135,43.05293781817792,-87.892389114846,2018-10
16216_225,16216,225,43.05293781817792,-87.892389114846,2018-10
16216_315,16216,315,43.05293781817792,-87.892389114846,2018-10
16216_45,16216,45,43.05293781817792,-87.892389114846,2018-10
16217_135,16217,135,43.05237407594592,-87.89115608499647,2018-10
16217_225,16217,225,43.05237407594592,-87.89115608499647,2018-10
16217_315,16217,315,43.05237407594592,-87.89115608499647,2018-10
16217_45,16217,45,43.05237407594592,-87.89115608499647,2018-10
16218_135,16218,135,43.04689054012432,-87.8970301355599,2018-10
16218_225,16218,225,43.04689054012432,-87.8970301355599,2018-10
16218_315,16218,315,43.04689054012432,-87.8970301355599,2018-10
16218_45,16218,45,43.04689054012432,-87.8970301355599,2018-10
16219_135,16219,135,43.0468597,-87.8964009,2018-10
16219_225,16219,225,43.0468597,-87.8964009,2018-10
16219_315,16219,315,43.0468597,-87.8964009,2018-10
16219_45,16219,45,43.0468597,-87.8964009,2018-10
16374_135,16374,135,43.037586137579595,-87.90512362552786,2017-08
16374_225,16374,225,43.037586137579595,-87.90512362552786,2017-08
16374_315,16374,315,43.037586137579595,-87.90512362552786,2017-08
16374_45,16374,45,43.037586137579595,-87.90512362552786,2017-08
16375_135,16375,135,43.0376502,-87.9038834,2017-08
16375_225,16375,225,43.0376502,-87.9038834,2017-08
16375_315,16375,315,43.0376502,-87.9038834,2017-08
16375_45,16375,45,43.0376502,-87.9038834,2017-08
16376_135,16376,135,43.037731,-87.90263759999999,2018-11
16376_225,16376,225,43.037731,-87.90263759999999,2018-11
16376_315,16376,315,43.037731,-87.90263759999999,2018-11
16376_45,16376,45,43.037731,-87.90263759999999,2018-11
16377_135,16377,135,43.037825184354936,-87.90137769115164,2017-10
16377_225,16377,225,43.037825184354936,-87.90137769115164,2017-10
16377_315,16377,315,43.037825184354936,-87.90137769115164,2017-10
16377_45,16377,45,43.037825184354936,-87.90137769115164,2017-10
16378_135,16378,135,43.03752430144594,-87.90638879755757,2018-10
16378_225,16378,225,43.03752430144594,-87.90638879755757,2018-10
16378_315,16378,315,43.03752430144594,-87.90638879755757,2018-10
16378_45,16378,45,43.03752430144594,-87.90638879755757,2018-10
16591_135,16591,135,43.03041782396122,-87.91033972344862,2007-07
16591_225,16591,225,43.03041782396122,-87.91033972344862,2007-07
16591_315,16591,315,43.03041782396122,-87.91033972344862,2007-07
16591_45,16591,45,43.03041782396122,-87.91033972344862,2007-07
16592_135,16592,135,43.030701653460646,-87.91034594327394,2017-10
16592_225,16592,225,43.030701653460646,-87.91034594327394,2017-10
16592_315,16592,315,43.030701653460646,-87.91034594327394,2017-10
16592_45,16592,45,43.030701653460646,-87.91034594327394,2017-10
16595_135,16595,135,43.05280053562603,-87.90976552487595,2011-06
16595_225,16595,225,43.05280053562603,-87.90976552487595,2011-06
16595_315,16595,315,43.05280053562603,-87.90976552487595,2011-06
16595_45,16595,45,43.05280053562603,-87.90976552487595,2011-06
16668_135,16668,135,43.0304326,-87.91099609999999,2017-08
16668_225,16668,225,43.0304326,-87.91099609999999,2017-08
16668_315,16668,315,43.0304326,-87.91099609999999,2017-08
16668_45,16668,45,43.0304326,-87.91099609999999,2017-08
16669_135,16669,135,43.0303463,-87.9096629,2017-08
16669_225,16669,225,43.0303463,-87.9096629,2017-08
16669_315,16669,315,43.0303463,-87.9096629,2017-08
16669_45,16669,45,43.0303463,-87.9096629,2017-08
16670_135,16670,135,43.041555998261316,-87.90055271498748,2017-08
16670_225,16670,225,43.041555998261316,-87.90055271498748,2017-08
16670_315,16670,315,43.041555998261316,-87.90055271498748,2017-08
16670_45,16670,45,43.041555998261316,-87.90055271498748,2017-08
16671_135,16671,135,43.041270587146634,-87.90549210126146,2017-10
16671_225,16671,225,43.041270587146634,-87.90549210126146,2017-10
16671_315,16671,315,43.041270587146634,-87.90549210126146,2017-10
16671_45,16671,45,43.041270587146634,-87.90549210126146,2017-10
16672_135,16672,135,43.04102250639465,-87.90933857308919,2017-10
16672_225,16672,225,43.04102250639465,-87.90933857308919,2017-10
16672_315,16672,315,43.04102250639465,-87.90933857308919,2017-10
16672_45,16672,45,43.04102250639465,-87.90933857308919,2017-10
16673_135,16673,135,43.04133847338371,-87.90425594826445,2017-10
16673_225,16673,225,43.04133847338371,-87.90425594826445,2017-10
16673_315,16673,315,43.04133847338371,-87.90425594826445,2017-10
16673_45,16673,45,43.04133847338371,-87.90425594826445,2017-10
16674_135,16674,135,43.041419333556355,-87.90299128590038,2018-11
16674_225,16674,225,43.041419333556355,-87.90299128590038,2018-11
16674_315,16674,315,43.041419333556355,-87.90299128590038,2018-11
16674_45,16674,45,43.041419333556355,-87.90299128590038,2018-11
16675_135,16675,135,43.04148702946232,-87.9017848219311,2011-06
16675_225,16675,225,43.04148702946232,-87.9017848219311,2011-06
16675_315,16675,315,43.04148702946232,-87.9017848219311,2011-06
16675_45,16675,45,43.04148702946232,-87.9017848219311,2011-06
16676_135,16676,135,43.04101843067242,-87.90975405658611,2017-08
16676_225,16676,225,43.04101843067242,-87.90975405658611,2017-08
16676_315,16676,315,43.04101843067242,-87.90975405658611,2017-08
16676_45,16676,45,43.04101843067242,-87.90975405658611,2017-08
16677_135,16677,135,43.040878689973965,-87.91027401759187,2017-08
16677_225,16677,225,43.040878689973965,-87.91027401759187,2017-08
16677_315,16677,315,43.040878689973965,-87.91027401759187,2017-08
16677_45,16677,45,43.040878689973965,-87.91027401759187,2017-08
16678_135,16678,135,43.04118805492968,-87.90679432875947,2018-10
16678_225,16678,225,43.04118805492968,-87.90679432875947,2018-10
16678_315,16678,315,43.04118805492968,-87.90679432875947,2018-10
16678_45,16678,45,43.04118805492968,-87.90679432875947,2018-10
16679_135,16679,135,43.0416395,-87.8992534,2018-10
16679_225,16679,225,43.0416395,-87.8992534,2018-10
16679_315,16679,315,43.0416395,-87.8992534,2018-10
16679_45,16679,45,43.0416395,-87.8992534,2018-10
16680_135,16680,135,43.040502853947885,-87.9115500108791,2013-10
16680_225,16680,225,43.040502853947885,-87.9115500108791,2013-10
16680_315,16680,315,43.040502853947885,-87.9115500108791,2013-10
16680_45,16680,45,43.040502853947885,-87.9115500108791,2013-10
16691_135,16691,135,43.04404470000001,-87.89956679999999,2017-08
16691_225,16691,225,43.04404470000001,-87.89956679999999,2017-08
16691_315,16691,315,43.04404470000001,-87.89956679999999,2017-08
16691_45,16691,45,43.04404470000001,-87.89956679999999,2017-08
16692_135,16692,135,43.04396934603393,-87.90081771570641,2017-08
16692_225,16692,225,43.04396934603393,-87.90081771570641,2017-08
16692_315,16692,315,43.04396934603393,-87.90081771570641,2017-08
16692_45,16692,45,43.04396934603393,-87.90081771570641,2017-08
16693_135,16693,135,43.04375348818333,-87.90454785684906,2017-10
16693_225,16693,225,43.04375348818333,-87.90454785684906,2017-10
16693_315,16693,315,43.04375348818333,-87.90454785684906,2017-10
16693_45,16693,45,43.04375348818333,-87.90454785684906,2017-10
16694_135,16694,135,43.0431695,-87.91212,2017-10
16694_225,16694,225,43.0431695,-87.91212,2017-10
16694_315,16694,315,43.0431695,-87.91212,2017-10
16694_45,16694,45,43.0431695,-87.91212,2017-10
16695_135,16695,135,43.04382597165737,-87.90332348642845,2017-08
16695_225,16695,225,43.04382597165737,-87.90332348642845,2017-08
16695_315,16695,315,43.04382597165737,-87.90332348642845,2017-08
16695_45,16695,45,43.04382597165737,-87.90332348642845,2017-08
16696_135,16696,135,43.04389805447403,-87.90204849959767,2017-08
16696_225,16696,225,43.04389805447403,-87.90204849959767,2017-08
16696_315,16696,315,43.04389805447403,-87.90204849959767,2017-08
16696_45,16696,45,43.04389805447403,-87.90204849959767,2017-08
16697_135,16697,135,43.04334896417981,-87.9108301252067,2018-10
16697_225,16697,225,43.04334896417981,-87.9108301252067,2018-10
16697_315,16697,315,43.04334896417981,-87.9108301252067,2018-10
16697_45,16697,45,43.04334896417981,-87.9108301252067,2018-10
16698_135,16698,135,43.04346513640112,-87.90967118632223,2017-08
16698_225,16698,225,43.04346513640112,-87.90967118632223,2017-08
16698_315,16698,315,43.04346513640112,-87.90967118632223,2017-08
16698_45,16698,45,43.04346513640112,-87.90967118632223,2017-08
16699_135,16699,135,43.043610799999996,-87.90706,2018-10
16699_225,16699,225,43.043610799999996,-87.90706,2018-10
16699_315,16699,315,43.043610799999996,-87.90706,2018-10
16699_45,16699,45,43.043610799999996,-87.90706,2018-10
16700_135,16700,135,43.04298712795306,-87.91312752521709,2017-10
16700_225,16700,225,43.04298712795306,-87.91312752521709,2017-10
16700_315,16700,315,43.04298712795306,-87.91312752521709,2017-10
16700_45,16700,45,43.04298712795306,-87.91312752521709,2017-10
16701_135,16701,135,43.0283483,-87.91104140000002,2017-10
16701_225,16701,225,43.0283483,-87.91104140000002,2017-10
16701_315,16701,315,43.0283483,-87.91104140000002,2017-10
16701_45,16701,45,43.0283483,-87.91104140000002,2017-10
16704_135,16704,135,43.04766999274671,-87.89564803279768,2018-10
16704_225,16704,225,43.04766999274671,-87.89564803279768,2018-10
16704_315,16704,315,43.04766999274671,-87.89564803279768,2018-10
16704_45,16704,45,43.04766999274671,-87.89564803279768,2018-10
16775_135,16775,135,43.029442322031144,-87.90833509670429,2015-10
16775_225,16775,225,43.029442322031144,-87.90833509670429,2015-10
16775_315,16775,315,43.029442322031144,-87.90833509670429,2015-10
16775_45,16775,45,43.029442322031144,-87.90833509670429,2015-10
16787_135,16787,135,43.052531856524666,-87.91130171989845,2017-08
16787_225,16787,225,43.052531856524666,-87.91130171989845,2017-08
16787_315,16787,315,43.052531856524666,-87.91130171989845,2017-08
16787_45,16787,45,43.052531856524666,-87.91130171989845,2017-08
16927_135,16927,135,43.040120562194794,-87.91302469465906,2017-08
16927_225,16927,225,43.040120562194794,-87.91302469465906,2017-08
16927_315,16927,315,43.040120562194794,-87.91302469465906,2017-08
16927_45,16927,45,43.040120562194794,-87.91302469465906,2017-08
1709_135,1709,135,43.03010502713118,-87.90588462471372,2018-09
1709_225,1709,225,43.03010502713118,-87.90588462471372,2018-09
1709_315,1709,315,43.03010502713118,-87.90588462471372,2018-09
1709_45,1709,45,43.03010502713118,-87.90588462471372,2018-09
1710_135,1710,135,43.03137501752013,-87.90824658680576,2018-10
1710_225,1710,225,43.03137501752013,-87.90824658680576,2018-10
1710_315,1710,315,43.03137501752013,-87.90824658680576,2018-10
1710_45,1710,45,43.03137501752013,-87.90824658680576,2018-10
1711_135,1711,135,43.028495608335525,-87.9037831744278,2017-10
1711_225,1711,225,43.028495608335525,-87.9037831744278,2017-10
1711_315,1711,315,43.028495608335525,-87.9037831744278,2017-10
1711_45,1711,45,43.028495608335525,-87.9037831744278,2017-10
1712_135,1712,135,43.028811919733506,-87.90406531700306,2018-09
1712_225,1712,225,43.028811919733506,-87.90406531700306,2018-09
1712_315,1712,315,43.028811919733506,-87.90406531700306,2018-09
1712_45,1712,45,43.028811919733506,-87.90406531700306,2018-09
1713_135,1713,135,43.03189220184408,-87.9094590219587,2018-10
1713_225,1713,225,43.03189220184408,-87.9094590219587,2018-10
1713_315,1713,315,43.03189220184408,-87.9094590219587,2018-10
1713_45,1713,45,43.03189220184408,-87.9094590219587,2018-10
1714_135,1714,135,43.02717861384519,-87.90266849109275,2017-10
1714_225,1714,225,43.02717861384519,-87.90266849109275,2017-10
1714_315,1714,315,43.02717861384519,-87.90266849109275,2017-10
1714_45,1714,45,43.02717861384519,-87.90266849109275,2017-10
1715_135,1715,135,43.02980835778028,-87.90545639712114,2018-09
1715_225,1715,225,43.02980835778028,-87.90545639712114,2018-09
1715_315,1715,315,43.02980835778028,-87.90545639712114,2018-09
1715_45,1715,45,43.02980835778028,-87.90545639712114,2018-09
17155_135,17155,135,43.0387896,-87.91451059999999,2017-08
17155_225,17155,225,43.0387896,-87.91451059999999,2017-08
17155_315,17155,315,43.0387896,-87.91451059999999,2017-08
17155_45,17155,45,43.0387896,-87.91451059999999,2017-08
1729_135,1729,135,43.049319200000006,-87.8996528,2017-10
1729_225,1729,225,43.049319200000006,-87.8996528,2017-10
1729_315,1729,315,43.049319200000006,-87.8996528,2017-10
1729_45,1729,45,43.049319200000006,-87.8996528,2017-10
1730_135,1730,135,43.04933704126307,-87.89820549510011,2017-10
1730_225,1730,225,43.04933704126307,-87.89820549510011,2017-10
1730_315,1730,315,43.04933704126307,-87.89820549510011,2017-10
1730_45,1730,45,43.04933704126307,-87.89820549510011,2017-10
17306_135,17306,135,43.04292221085862,-87.91600388520015,2018-08
17306_225,17306,225,43.04292221085862,-87.91600388520015,2018-08
17306_315,17306,315,43.04292221085862,-87.91600388520015,2018-08
17306_45,17306,45,43.04292221085862,-87.91600388520015,2018-08
17307_135,17307,135,43.040185647481145,-87.91608160226143,2017-08
17307_225,17307,225,43.040185647481145,-87.91608160226143,2017-08
17307_315,17307,315,43.040185647481145,-87.91608160226143,2017-08
17307_45,17307,45,43.040185647481145,-87.91608160226143,2017-08
1731_135,1731,135,43.049377500000006,-87.90597890000001,2018-10
1731_225,1731,225,43.049377500000006,-87.90597890000001,2018-10
1731_315,1731,315,43.049377500000006,-87.90597890000001,2018-10
1731_45,1731,45,43.049377500000006,-87.90597890000001,2018-10
1732_135,1732,135,43.049346767201136,-87.90095481031393,2017-08
1732_225,1732,225,43.049346767201136,-87.90095481031393,2017-08
1732_315,1732,315,43.049346767201136,-87.90095481031393,2017-08
1732_45,1732,45,43.049346767201136,-87.90095481031393,2017-08
1733_135,1733,135,43.04937728101105,-87.90472796513014,2017-08
1733_225,1733,225,43.04937728101105,-87.90472796513014,2017-08
1733_315,1733,315,43.04937728101105,-87.90472796513014,2017-08
1733_45,1733,45,43.04937728101105,-87.90472796513014,2017-08
1734_135,1734,135,43.049352691957495,-87.90353301678019,2015-09
1734_225,1734,225,43.049352691957495,-87.90353301678019,2015-09
1734_315,1734,315,43.049352691957495,-87.90353301678019,2015-09
1734_45,1734,45,43.049352691957495,-87.90353301678019,2015-09
1735_135,1735,135,43.04933868418396,-87.90223268360269,2017-08
1735_225,1735,225,43.04933868418396,-87.90223268360269,2017-08
1735_315,1735,315,43.04933868418396,-87.90223268360269,2017-08
1735_45,1735,45,43.04933868418396,-87.90223268360269,2017-08
1736_135,1736,135,43.04936469999999,-87.90725970000001,2017-10
1736_225,1736,225,43.04936469999999,-87.90725970000001,2017-10
1736_315,1736,315,43.04936469999999,-87.90725970000001,2017-10
1736_45,1736,45,43.04936469999999,-87.90725970000001,2017-10
17364_135,17364,135,43.029880516277245,-87.90773737786196,2018-09
17364_225,17364,225,43.029880516277245,-87.90773737786196,2018-09
17364_315,17364,315,43.029880516277245,-87.90773737786196,2018-09
17364_45,17364,45,43.029880516277245,-87.90773737786196,2018-09
17365_135,17365,135,43.02943158437524,-87.9110335601512,2018-09
17365_225,17365,225,43.02943158437524,-87.9110335601512,2018-09
17365_315,17365,315,43.02943158437524,-87.9110335601512,2018-09
17365_45,17365,45,43.02943158437524,-87.9110335601512,2018-09
17366_135,17366,135,43.02944798124232,-87.91060101530279,2018-09
17366_225,17366,225,43.02944798124232,-87.91060101530279,2018-09
17366_315,17366,315,43.02944798124232,-87.91060101530279,2018-09
17366_45,17366,45,43.02944798124232,-87.91060101530279,2018-09
17367_135,17367,135,43.029455799999994,-87.9103098,2018-09
17367_225,17367,225,43.029455799999994,-87.9103098,2018-09
17367_315,17367,315,43.029455799999994,-87.9103098,2018-09
17367_45,17367,45,43.029455799999994,-87.9103098,2018-09
17368_135,17368,135,43.02940918392946,-87.90965896277464,2016-11
17368_225,17368,225,43.02940918392946,-87.90965896277464,2016-11
17368_315,17368,315,43.02940918392946,-87.90965896277464,2016-11
17368_45,17368,45,43.02940918392946,-87.90965896277464,2016-11
17369_135,17369,135,43.02956061213111,-87.90816082075995,2017-10
17369_225,17369,225,43.02956061213111,-87.90816082075995,2017-10
17369_315,17369,315,43.02956061213111,-87.90816082075995,2017-10
17369_45,17369,45,43.02956061213111,-87.90816082075995,2017-10
17375_135,17375,135,43.03505164648941,-87.90740288074902,2017-08
17375_225,17375,225,43.03505164648941,-87.90740288074902,2017-08
17375_315,17375,315,43.03505164648941,-87.90740288074902,2017-08
17375_45,17375,45,43.03505164648941,-87.90740288074902,2017-08
17376_135,17376,135,43.0351251,-87.9061228,2017-08
17376_225,17376,225,43.0351251,-87.9061228,2017-08
17376_315,17376,315,43.0351251,-87.9061228,2017-08
17376_45,17376,45,43.0351251,-87.9061228,2017-08
17445_135,17445,135,43.04566838940971,-87.91894048568535,2017-08
17445_225,17445,225,43.04566838940971,-87.91894048568535,2017-08
17445_315,17445,315,43.04566838940971,-87.91894048568535,2017-08
17445_45,17445,45,43.04566838940971,-87.91894048568535,2017-08
17446_135,17446,135,43.04434049300438,-87.91892289496559,2016-10
17446_225,17446,225,43.04434049300438,-87.91892289496559,2016-10
17446_315,17446,315,43.04434049300438,-87.91892289496559,2016-10
17446_45,17446,45,43.04434049300438,-87.91892289496559,2016-10
17651_135,17651,135,43.0263349,-87.916836,2017-08
17651_225,17651,225,43.0263349,-87.916836,2017-08
17651_315,17651,315,43.0263349,-87.916836,2017-08
17651_45,17651,45,43.0263349,-87.916836,2017-08
17845_135,17845,135,43.0273083,-87.9168041,2017-10
17845_225,17845,225,43.0273083,-87.9168041,2017-10
17845_315,17845,315,43.0273083,-87.9168041,2017-10
17845_45,17845,45,43.0273083,-87.9168041,2017-10
17871_135,17871,135,43.02877304584703,-87.9110380773467,2017-10
17871_225,17871,225,43.02877304584703,-87.9110380773467,2017-10
17871_315,17871,315,43.02877304584703,-87.9110380773467,2017-10
17871_45,17871,45,43.02877304584703,-87.9110380773467,2017-10
17994_135,17994,135,43.040381,-87.89822020000001,2018-11
17994_225,17994,225,43.040381,-87.89822020000001,2018-11
17994_315,17994,315,43.040381,-87.89822020000001,2018-11
17994_45,17994,45,43.040381,-87.89822020000001,2018-11
18016_135,18016,135,43.040169180184186,-87.91242305245594,2015-11
18016_225,18016,225,43.040169180184186,-87.91242305245594,2015-11
18016_315,18016,315,43.040169180184186,-87.91242305245594,2015-11
18016_45,18016,45,43.040169180184186,-87.91242305245594,2015-11
18018_135,18018,135,43.044713994427184,-87.89567212605655,2018-11
18018_225,18018,225,43.044713994427184,-87.89567212605655,2018-11
18018_315,18018,315,43.044713994427184,-87.89567212605655,2018-11
18018_45,18018,45,43.044713994427184,-87.89567212605655,2018-11
18096_135,18096,135,43.0429136,-87.91446309999999,2017-10
18096_225,18096,225,43.0429136,-87.91446309999999,2017-10
18096_315,18096,315,43.0429136,-87.91446309999999,2017-10
18096_45,18096,45,43.0429136,-87.91446309999999,2017-10
18106_135,18106,135,43.0470696,-87.91438029999999,2017-10
18106_225,18106,225,43.0470696,-87.91438029999999,2017-10
18106_315,18106,315,43.0470696,-87.91438029999999,2017-10
18106_45,18106,45,43.0470696,-87.91438029999999,2017-10
18107_135,18107,135,43.0525473,-87.9142833,2017-08
18107_225,18107,225,43.0525473,-87.9142833,2017-08
18107_315,18107,315,43.0525473,-87.9142833,2017-08
18107_45,18107,45,43.0525473,-87.9142833,2017-08
18129_135,18129,135,43.02634323595368,-87.91104126759507,2017-08
18129_225,18129,225,43.02634323595368,-87.91104126759507,2017-08
18129_315,18129,315,43.02634323595368,-87.91104126759507,2017-08
18129_45,18129,45,43.02634323595368,-87.91104126759507,2017-08
18217_135,18217,135,43.026291341087635,-87.91821354583841,2018-09
18217_225,18217,225,43.026291341087635,-87.91821354583841,2018-09
18217_315,18217,315,43.026291341087635,-87.91821354583841,2018-09
18217_45,18217,45,43.026291341087635,-87.91821354583841,2018-09
1861_135,1861,135,43.04886489999999,-87.9117876,2017-08
1861_225,1861,225,43.04886489999999,-87.9117876,2017-08
1861_315,1861,315,43.04886489999999,-87.9117876,2017-08
1861_45,1861,45,43.04886489999999,-87.9117876,2017-08
1865_135,1865,135,43.02708210517471,-87.90877667943411,2017-08
1865_225,1865,225,43.02708210517471,-87.90877667943411,2017-08
1865_315,1865,315,43.02708210517471,-87.90877667943411,2017-08
1865_45,1865,45,43.02708210517471,-87.90877667943411,2017-08
1866_135,1866,135,43.02707441212705,-87.90799106307009,2017-08
1866_225,1866,225,43.02707441212705,-87.90799106307009,2017-08
1866_315,1866,315,43.02707441212705,-87.90799106307009,2017-08
1866_45,1866,45,43.02707441212705,-87.90799106307009,2017-08
1868_135,1868,135,43.036420061802644,-87.90495125569575,2017-08
1868_225,1868,225,43.036420061802644,-87.90495125569575,2017-08
1868_315,1868,315,43.036420061802644,-87.90495125569575,2017-08
1868_45,1868,45,43.036420061802644,-87.90495125569575,2017-08
1869_135,1869,135,43.03646687303058,-87.90368806265205,2017-10
1869_225,1869,225,43.03646687303058,-87.90368806265205,2017-10
1869_315,1869,315,43.03646687303058,-87.90368806265205,2017-10
1869_45,1869,45,43.03646687303058,-87.90368806265205,2017-10
1870_135,1870,135,43.0365325,-87.90249990000001,2017-10
1870_225,1870,225,43.0365325,-87.90249990000001,2017-10
1870_315,1870,315,43.0365325,-87.90249990000001,2017-10
1870_45,1870,45,43.0365325,-87.90249990000001,2017-10
1871_135,1871,135,43.036179920484216,-87.90889596974785,2017-08
1871_225,1871,225,43.036179920484216,-87.90889596974785,2017-08
1871_315,1871,315,43.036179920484216,-87.90889596974785,2017-08
1871_45,1871,45,43.036179920484216,-87.90889596974785,2017-08
1872_135,1872,135,43.03611110000001,-87.9101393,2017-08
1872_225,1872,225,43.03611110000001,-87.9101393,2017-08
1872_315,1872,315,43.03611110000001,-87.9101393,2017-08
1872_45,1872,45,43.03611110000001,-87.9101393,2017-08
18781_135,18781,135,43.0399167,-87.9079543,2017-10
18781_225,18781,225,43.0399167,-87.9079543,2017-10
18781_315,18781,315,43.0399167,-87.9079543,2017-10
18781_45,18781,45,43.0399167,-87.9079543,2017-10
18785_135,18785,135,43.030779304104605,-87.90688765358463,2018-10
18785_225,18785,225,43.030779304104605,-87.90688765358463,2018-10
18785_315,18785,315,43.030779304104605,-87.90688765358463,2018-10
18785_45,18785,45,43.030779304104605,-87.90688765358463,2018-10
18788_135,18788,135,43.02734313890833,-87.91103927243984,2017-10
18788_225,18788,225,43.02734313890833,-87.91103927243984,2017-10
18788_315,18788,315,43.02734313890833,-87.91103927243984,2017-10
18788_45,18788,45,43.02734313890833,-87.91103927243984,2017-10
18789_135,18789,135,43.03761722381918,-87.89871470392929,2018-09
18789_225,18789,225,43.03761722381918,-87.89871470392929,2018-09
18789_315,18789,315,43.03761722381918,-87.89871470392929,2018-09
18789_45,18789,45,43.03761722381918,-87.89871470392929,2018-09
18808_135,18808,135,43.0315412,-87.9057004,2018-10
18808_225,18808,225,43.0315412,-87.9057004,2018-10
18808_315,18808,315,43.0315412,-87.9057004,2018-10
18808_45,18808,45,43.0315412,-87.9057004,2018-10
18814_135,18814,135,43.043087777808076,-87.8994416417557,2015-09
18814_225,18814,225,43.043087777808076,-87.8994416417557,2015-09
18814_315,18814,315,43.043087777808076,-87.8994416417557,2015-09
18814_45,18814,45,43.043087777808076,-87.8994416417557,2015-09
18815_135,18815,135,43.04240225553525,-87.90822237683149,2017-08
18815_225,18815,225,43.04240225553525,-87.90822237683149,2017-08
18815_315,18815,315,43.04240225553525,-87.90822237683149,2017-08
18815_45,18815,45,43.04240225553525,-87.90822237683149,2017-08
1883_135,1883,135,43.050802600000004,-87.8959464,2017-10
1883_225,1883,225,43.050802600000004,-87.8959464,2017-10
1883_315,1883,315,43.050802600000004,-87.8959464,2017-10
1883_45,1883,45,43.050802600000004,-87.8959464,2017-10
18830_135,18830,135,43.037433949378006,-87.90767154504162,2017-08
18830_225,18830,225,43.037433949378006,-87.90767154504162,2017-08
18830_315,18830,315,43.037433949378006,-87.90767154504162,2017-08
18830_45,18830,45,43.037433949378006,-87.90767154504162,2017-08
1884_135,1884,135,43.0326635567198,-87.90711421782724,2017-08
1884_225,1884,225,43.0326635567198,-87.90711421782724,2017-08
1884_315,1884,315,43.0326635567198,-87.90711421782724,2017-08
1884_45,1884,45,43.0326635567198,-87.90711421782724,2017-08
1885_135,1885,135,43.032801102737494,-87.90455269211498,2018-10
1885_225,1885,225,43.032801102737494,-87.90455269211498,2018-10
1885_315,1885,315,43.032801102737494,-87.90455269211498,2018-10
1885_45,1885,45,43.032801102737494,-87.90455269211498,2018-10
18855_135,18855,135,43.0415068785007,-87.91901635139973,2018-11
18855_225,18855,225,43.0415068785007,-87.91901635139973,2018-11
18855_315,18855,315,43.0415068785007,-87.91901635139973,2018-11
18855_45,18855,45,43.0415068785007,-87.91901635139973,2018-11
1886_135,1886,135,43.032863361936656,-87.90333702217266,2018-10
1886_225,1886,225,43.032863361936656,-87.90333702217266,2018-10
1886_315,1886,315,43.032863361936656,-87.90333702217266,2018-10
1886_45,1886,45,43.032863361936656,-87.90333702217266,2018-10
1887_135,1887,135,43.032533,-87.9093094,2018-10
1887_225,1887,225,43.032533,-87.9093094,2018-10
1887_315,1887,315,43.032533,-87.9093094,2018-10
1887_45,1887,45,43.032533,-87.9093094,2018-10
1888_135,1888,135,43.033155900000004,-87.89970009999999,2015-10
1888_225,1888,225,43.033155900000004,-87.89970009999999,2015-10
1888_315,1888,315,43.033155900000004,-87.89970009999999,2015-10
1888_45,1888,45,43.033155900000004,-87.89970009999999,2015-10
1894_135,1894,135,43.0529336,-87.8874457,2018-11
1894_225,1894,225,43.0529336,-87.8874457,2018-11
1894_315,1894,315,43.0529336,-87.8874457,2018-11
1894_45,1894,45,43.0529336,-87.8874457,2018-11
18946_135,18946,135,43.0435289,-87.9083423,2017-08
18946_225,18946,225,43.0435289,-87.9083423,2017-08
18946_315,18946,315,43.0435289,-87.9083423,2017-08
18946_45,18946,45,43.0435289,-87.9083423,2017-08
18947_135,18947,135,43.038655308214274,-87.90780626355749,2017-08
18947_225,18947,225,43.038655308214274,-87.90780626355749,2017-08
18947_315,18947,315,43.038655308214274,-87.90780626355749,2017-08
18947_45,18947,45,43.038655308214274,-87.90780626355749,2017-08
18950_135,18950,135,43.04808602085663,-87.89694408383968,2018-10
18950_225,18950,225,43.04808602085663,-87.89694408383968,2018-10
18950_315,18950,315,43.04808602085663,-87.89694408383968,2018-10
18950_45,18950,45,43.04808602085663,-87.89694408383968,2018-10
1896_135,1896,135,43.051045590212794,-87.89017117130831,2017-08
1896_225,1896,225,43.051045590212794,-87.89017117130831,2017-08
1896_315,1896,315,43.051045590212794,-87.89017117130831,2017-08
1896_45,1896,45,43.051045590212794,-87.89017117130831,2017-08
19002_135,19002,135,43.04146640417685,-87.91447478355082,2017-08
19002_225,19002,225,43.04146640417685,-87.91447478355082,2017-08
19002_315,19002,315,43.04146640417685,-87.91447478355082,2017-08
19002_45,19002,45,43.04146640417685,-87.91447478355082,2017-08
19003_135,19003,135,43.040162200000005,-87.9144917,2017-08
19003_225,19003,225,43.040162200000005,-87.9144917,2017-08
19003_315,19003,315,43.040162200000005,-87.9144917,2017-08
19003_45,19003,45,43.040162200000005,-87.9144917,2017-08
19039_135,19039,135,43.04710369388277,-87.91878112119406,2018-11
19039_225,19039,225,43.04710369388277,-87.91878112119406,2018-11
19039_315,19039,315,43.04710369388277,-87.91878112119406,2018-11
19039_45,19039,45,43.04710369388277,-87.91878112119406,2018-11
19040_135,19040,135,43.04695563689206,-87.91878296975712,2018-10
19040_225,19040,225,43.04695563689206,-87.91878296975712,2018-10
19040_315,19040,315,43.04695563689206,-87.91878296975712,2018-10
19040_45,19040,45,43.04695563689206,-87.91878296975712,2018-10
19041_135,19041,135,43.04294948206825,-87.91890707446122,2018-11
19041_225,19041,225,43.04294948206825,-87.91890707446122,2018-11
19041_315,19041,315,43.04294948206825,-87.91890707446122,2018-11
19041_45,19041,45,43.04294948206825,-87.91890707446122,2018-11
19042_135,19042,135,43.04020370237763,-87.9189151499533,2018-11
19042_225,19042,225,43.04020370237763,-87.9189151499533,2018-11
19042_315,19042,315,43.04020370237763,-87.9189151499533,2018-11
19042_45,19042,45,43.04020370237763,-87.9189151499533,2018-11
19319_135,19319,135,43.046254499999996,-87.8969817,2018-10
19319_225,19319,225,43.046254499999996,-87.8969817,2018-10
19319_315,19319,315,43.046254499999996,-87.8969817,2018-10
19319_45,19319,45,43.046254499999996,-87.8969817,2018-10
19433_135,19433,135,43.04410195738228,-87.89825343742426,2018-10
19433_225,19433,225,43.04410195738228,-87.89825343742426,2018-10
19433_315,19433,315,43.04410195738228,-87.89825343742426,2018-10
19433_45,19433,45,43.04410195738228,-87.89825343742426,2018-10
19459_135,19459,135,43.0411131,-87.9080744,2017-10
19459_225,19459,225,43.0411131,-87.9080744,2017-10
19459_315,19459,315,43.0411131,-87.9080744,2017-10
19459_45,19459,45,43.0411131,-87.9080744,2017-10
19478_135,19478,135,43.04771842360262,-87.89073841210055,2019-10
19478_225,19478,225,43.04771842360262,-87.89073841210055,2019-10
19478_315,19478,315,43.04771842360262,-87.89073841210055,2019-10
19478_45,19478,45,43.04771842360262,-87.89073841210055,2019-10
19479_135,19479,135,43.048002029314496,-87.89301505229028,2019-10
19479_225,19479,225,43.048002029314496,-87.89301505229028,2019-10
19479_315,19479,315,43.048002029314496,-87.89301505229028,2019-10
19479_45,19479,45,43.048002029314496,-87.89301505229028,2019-10
2085_135,2085,135,43.03385520880249,-87.90724449812605,2017-08
2085_225,2085,225,43.03385520880249,-87.90724449812605,2017-08
2085_315,2085,315,43.03385520880249,-87.90724449812605,2017-08
2085_45,2085,45,43.03385520880249,-87.90724449812605,2017-08
2086_135,2086,135,43.034004321738074,-87.90472995923422,2017-08
2086_225,2086,225,43.034004321738074,-87.90472995923422,2017-08
2086_315,2086,315,43.034004321738074,-87.90472995923422,2017-08
2086_45,2086,45,43.034004321738074,-87.90472995923422,2017-08
2087_135,2087,135,43.03408241482169,-87.90347360183962,2018-10
2087_225,2087,225,43.03408241482169,-87.90347360183962,2018-10
2087_315,2087,315,43.03408241482169,-87.90347360183962,2018-10
2087_45,2087,45,43.03408241482169,-87.90347360183962,2018-10
2088_135,2088,135,43.03372879999999,-87.90903089999998,2016-04
2088_225,2088,225,43.03372879999999,-87.90903089999998,2016-04
2088_315,2088,315,43.03372879999999,-87.90903089999998,2016-04
2088_45,2088,45,43.03372879999999,-87.90903089999998,2016-04
2270_135,2270,135,43.052944313276136,-87.89543063651341,2017-08
2270_225,2270,225,43.052944313276136,-87.89543063651341,2017-08
2270_315,2270,315,43.052944313276136,-87.89543063651341,2017-08
2270_45,2270,45,43.052944313276136,-87.89543063651341,2017-08
2271_135,2271,135,43.052947632572966,-87.89948326536468,2017-10
2271_225,2271,225,43.052947632572966,-87.89948326536468,2017-10
2271_315,2271,315,43.052947632572966,-87.89948326536468,2017-10
2271_45,2271,45,43.052947632572966,-87.89948326536468,2017-10
2272_135,2272,135,43.0529643,-87.894944,2016-04
2272_225,2272,225,43.0529643,-87.894944,2016-04
2272_315,2272,315,43.0529643,-87.894944,2016-04
2272_45,2272,45,43.0529643,-87.894944,2016-04
2273_135,2273,135,43.052928029273595,-87.89812104717976,2017-08
2273_225,2273,225,43.052928029273595,-87.89812104717976,2017-08
2273_315,2273,315,43.052928029273595,-87.89812104717976,2017-08
2273_45,2273,45,43.052928029273595,-87.89812104717976,2017-08
2274_135,2274,135,43.0529674,-87.9008662,2017-10
2274_225,2274,225,43.0529674,-87.9008662,2017-10
2274_315,2274,315,43.0529674,-87.9008662,2017-10
2274_45,2274,45,43.0529674,-87.9008662,2017-10
2275_135,2275,135,43.052932139107064,-87.89265548816833,2017-08
2275_225,2275,225,43.052932139107064,-87.89265548816833,2017-08
2275_315,2275,315,43.052932139107064,-87.89265548816833,2017-08
2275_45,2275,45,43.052932139107064,-87.89265548816833,2017-08
2276_135,2276,135,43.05302959066081,-87.90335310054077,2018-07
2276_225,2276,225,43.05302959066081,-87.90335310054077,2018-07
2276_315,2276,315,43.05302959066081,-87.90335310054077,2018-07
2276_45,2276,45,43.05302959066081,-87.90335310054077,2018-07
2277_135,2277,135,43.052985299999996,-87.902227,2017-10
2277_225,2277,225,43.052985299999996,-87.902227,2017-10
2277_315,2277,315,43.052985299999996,-87.902227,2017-10
2277_45,2277,45,43.052985299999996,-87.902227,2017-10
2278_135,2278,135,43.05295212507795,-87.90437013990143,2018-07
2278_225,2278,225,43.05295212507795,-87.90437013990143,2018-07
2278_315,2278,315,43.05295212507795,-87.90437013990143,2018-07
2278_45,2278,45,43.05295212507795,-87.90437013990143,2018-07
2279_135,2279,135,43.05294179999999,-87.89393659999999,2017-08
2279_225,2279,225,43.05294179999999,-87.89393659999999,2017-08
2279_315,2279,315,43.05294179999999,-87.89393659999999,2017-08
2279_45,2279,45,43.05294179999999,-87.89393659999999,2017-08
2280_135,2280,135,43.052937899999996,-87.89375009999999,2017-08
2280_225,2280,225,43.052937899999996,-87.89375009999999,2017-08
2280_315,2280,315,43.052937899999996,-87.89375009999999,2017-08
2280_45,2280,45,43.052937899999996,-87.89375009999999,2017-08
2281_135,2281,135,43.05290955980868,-87.8968107604788,2017-08
2281_225,2281,225,43.05290955980868,-87.8968107604788,2017-08
2281_315,2281,315,43.05290955980868,-87.8968107604788,2017-08
2281_45,2281,45,43.05290955980868,-87.8968107604788,2017-08
2282_135,2282,135,43.04689996631143,-87.89976449494664,2018-10
2282_225,2282,225,43.04689996631143,-87.89976449494664,2018-10
2282_315,2282,315,43.04689996631143,-87.89976449494664,2018-10
2282_45,2282,45,43.04689996631143,-87.89976449494664,2018-10
2283_135,2283,135,43.046871510776384,-87.90099780350253,2017-08
2283_225,2283,225,43.046871510776384,-87.90099780350253,2017-08
2283_315,2283,315,43.046871510776384,-87.90099780350253,2017-08
2283_45,2283,45,43.046871510776384,-87.90099780350253,2017-08
2284_135,2284,135,43.04694124930337,-87.90349525724487,2018-11
2284_225,2284,225,43.04694124930337,-87.90349525724487,2018-11
2284_315,2284,315,43.04694124930337,-87.90349525724487,2018-11
2284_45,2284,45,43.04694124930337,-87.90349525724487,2018-11
2285_135,2285,135,43.04692566870866,-87.90228951628764,2016-10
2285_225,2285,225,43.04692566870866,-87.90228951628764,2016-10
2285_315,2285,315,43.04692566870866,-87.90228951628764,2016-10
2285_45,2285,45,43.04692566870866,-87.90228951628764,2016-10
2478_135,2478,135,43.046974124736,-87.90851437311562,2018-10
2478_225,2478,225,43.046974124736,-87.90851437311562,2018-10
2478_315,2478,315,43.046974124736,-87.90851437311562,2018-10
2478_45,2478,45,43.046974124736,-87.90851437311562,2018-10
2479_135,2479,135,43.0469962,-87.90606319999999,2018-10
2479_225,2479,225,43.0469962,-87.90606319999999,2018-10
2479_315,2479,315,43.0469962,-87.90606319999999,2018-10
2479_45,2479,45,43.0469962,-87.90606319999999,2018-10
2480_135,2480,135,43.046879700000005,-87.9121303,2018-11
2480_225,2480,225,43.046879700000005,-87.9121303,2018-11
2480_315,2480,315,43.046879700000005,-87.9121303,2018-11
2480_45,2480,45,43.046879700000005,-87.9121303,2018-11
2481_135,2481,135,43.04698116004855,-87.91096432562283,2018-10
2481_225,2481,225,43.04698116004855,-87.91096432562283,2018-10
2481_315,2481,315,43.04698116004855,-87.91096432562283,2018-10
2481_45,2481,45,43.04698116004855,-87.91096432562283,2018-10
2482_135,2482,135,43.0469905,-87.9098829,2018-11
2482_225,2482,225,43.0469905,-87.9098829,2018-11
2482_315,2482,315,43.0469905,-87.9098829,2018-11
2482_45,2482,45,43.0469905,-87.9098829,2018-11
2483_135,2483,135,43.0469645,-87.9072808,2018-10
2483_225,2483,225,43.0469645,-87.9072808,2018-10
2483_315,2483,315,43.0469645,-87.9072808,2018-10
2483_45,2483,45,43.0469645,-87.9072808,2018-10
2542_135,2542,135,43.03018419693058,-87.90428638852867,2017-10
2542_225,2542,225,43.03018419693058,-87.90428638852867,2017-10
2542_315,2542,315,43.03018419693058,-87.90428638852867,2017-10
2542_45,2542,45,43.03018419693058,-87.90428638852867,2017-10
2543_135,2543,135,43.030373499999996,-87.90307159999999,2018-10
2543_225,2543,225,43.030373499999996,-87.90307159999999,2018-10
2543_315,2543,315,43.030373499999996,-87.90307159999999,2018-10
2543_45,2543,45,43.030373499999996,-87.90307159999999,2018-10
2544_135,2544,135,43.03014636934473,-87.90559114027127,2016-11
2544_225,2544,225,43.03014636934473,-87.90559114027127,2016-11
2544_315,2544,315,43.03014636934473,-87.90559114027127,2016-11
2544_45,2544,45,43.03014636934473,-87.90559114027127,2016-11
2657_135,2657,135,43.051738,-87.89961679999999,2017-08
2657_225,2657,225,43.051738,-87.89961679999999,2017-08
2657_315,2657,315,43.051738,-87.89961679999999,2017-08
2657_45,2657,45,43.051738,-87.89961679999999,2017-08
2658_135,2658,135,43.051716421500636,-87.89816359740246,2017-08
2658_225,2658,225,43.051716421500636,-87.89816359740246,2017-08
2658_315,2658,315,43.051716421500636,-87.89816359740246,2017-08
2658_45,2658,45,43.051716421500636,-87.89816359740246,2017-08
2659_135,2659,135,43.051754342050096,-87.90087267697231,2016-10
2659_225,2659,225,43.051754342050096,-87.90087267697231,2016-10
2659_315,2659,315,43.051754342050096,-87.90087267697231,2016-10
2659_45,2659,45,43.051754342050096,-87.90087267697231,2016-10
2660_135,2660,135,43.0517351,-87.9021183,2016-10
2660_225,2660,225,43.0517351,-87.9021183,2016-10
2660_315,2660,315,43.0517351,-87.9021183,2016-10
2660_45,2660,45,43.0517351,-87.9021183,2016-10
2661_135,2661,135,43.03147346341981,-87.90698901089479,2017-08
2661_225,2661,225,43.03147346341981,-87.90698901089479,2017-08
2661_315,2661,315,43.03147346341981,-87.90698901089479,2017-08
2661_45,2661,45,43.03147346341981,-87.90698901089479,2017-08
2662_135,2662,135,43.031620942159826,-87.90440129245621,2018-10
2662_225,2662,225,43.031620942159826,-87.90440129245621,2018-10
2662_315,2662,315,43.031620942159826,-87.90440129245621,2018-10
2662_45,2662,45,43.031620942159826,-87.90440129245621,2018-10
2663_135,2663,135,43.03162512064943,-87.9031806915957,2018-10
2663_225,2663,225,43.03162512064943,-87.9031806915957,2018-10
2663_315,2663,315,43.03162512064943,-87.9031806915957,2018-10
2663_45,2663,45,43.03162512064943,-87.9031806915957,2018-10
2820_135,2820,135,43.04473005883828,-87.90847536488455,2017-08
2820_225,2820,225,43.04473005883828,-87.90847536488455,2017-08
2820_315,2820,315,43.04473005883828,-87.90847536488455,2017-08
2820_45,2820,45,43.04473005883828,-87.90847536488455,2017-08
2821_135,2821,135,43.04450201343845,-87.91235086693459,2015-09
2821_225,2821,225,43.04450201343845,-87.91235086693459,2015-09
2821_315,2821,315,43.04450201343845,-87.91235086693459,2015-09
2821_45,2821,45,43.04450201343845,-87.91235086693459,2015-09
2822_135,2822,135,43.04461819782253,-87.9109234156083,2015-11
2822_225,2822,225,43.04461819782253,-87.9109234156083,2015-11
2822_315,2822,315,43.04461819782253,-87.9109234156083,2015-11
2822_45,2822,45,43.04461819782253,-87.9109234156083,2015-11
2823_135,2823,135,43.04467858438262,-87.90974446174435,2017-10
2823_225,2823,225,43.04467858438262,-87.90974446174435,2017-10
2823_315,2823,315,43.04467858438262,-87.90974446174435,2017-10
2823_45,2823,45,43.04467858438262,-87.90974446174435,2017-10
2836_135,2836,135,43.042956819862496,-87.9006976552879,2017-10
2836_225,2836,225,43.042956819862496,-87.9006976552879,2017-10
2836_315,2836,315,43.042956819862496,-87.9006976552879,2017-10
2836_45,2836,45,43.042956819862496,-87.9006976552879,2017-10
2837_135,2837,135,43.04246710019559,-87.9056139866971,2018-10
2837_225,2837,225,43.04246710019559,-87.9056139866971,2018-10
2837_315,2837,315,43.04246710019559,-87.9056139866971,2018-10
2837_45,2837,45,43.04246710019559,-87.9056139866971,2018-10
2838_135,2838,135,43.04229943109922,-87.90950186520105,2015-11
2838_225,2838,225,43.04229943109922,-87.90950186520105,2015-11
2838_315,2838,315,43.04229943109922,-87.90950186520105,2015-11
2838_45,2838,45,43.04229943109922,-87.90950186520105,2015-11
2839_135,2839,135,43.04264640894878,-87.90442648342005,2017-08
2839_225,2839,225,43.04264640894878,-87.90442648342005,2017-08
2839_315,2839,315,43.04264640894878,-87.90442648342005,2017-08
2839_45,2839,45,43.04264640894878,-87.90442648342005,2017-08
2840_135,2840,135,43.04273316239209,-87.90319392813312,2018-11
2840_225,2840,225,43.04273316239209,-87.90319392813312,2018-11
2840_315,2840,315,43.04273316239209,-87.90319392813312,2018-11
2840_45,2840,45,43.04273316239209,-87.90319392813312,2018-11
2841_135,2841,135,43.04280425982925,-87.90194433030018,2017-08
2841_225,2841,225,43.04280425982925,-87.90194433030018,2017-08
2841_315,2841,315,43.04280425982925,-87.90194433030018,2017-08
2841_45,2841,45,43.04280425982925,-87.90194433030018,2017-08
2842_135,2842,135,43.04218590279167,-87.9104060241538,2018-11
2842_225,2842,225,43.04218590279167,-87.9104060241538,2018-11
2842_315,2842,315,43.04218590279167,-87.9104060241538,2018-11
2842_45,2842,45,43.04218590279167,-87.9104060241538,2018-11
2843_135,2843,135,43.04246246447029,-87.90694007411189,2018-10
2843_225,2843,225,43.04246246447029,-87.90694007411189,2018-10
2843_315,2843,315,43.04246246447029,-87.90694007411189,2018-10
2843_45,2843,45,43.04246246447029,-87.90694007411189,2018-10
2844_135,2844,135,43.04173749519681,-87.91252956780947,2011-10
2844_225,2844,225,43.04173749519681,-87.91252956780947,2011-10
2844_315,2844,315,43.04173749519681,-87.91252956780947,2011-10
2844_45,2844,45,43.04173749519681,-87.91252956780947,2011-10
2998_135,2998,135,43.03732762048519,-87.90895038010606,2018-10
2998_225,2998,225,43.03732762048519,-87.90895038010606,2018-10
2998_315,2998,315,43.03732762048519,-87.90895038010606,2018-10
2998_45,2998,45,43.03732762048519,-87.90895038010606,2018-10
2999_135,2999,135,43.03748748493454,-87.89801498981939,2017-08
2999_225,2999,225,43.03748748493454,-87.89801498981939,2017-08
2999_315,2999,315,43.03748748493454,-87.89801498981939,2017-08
2999_45,2999,45,43.03748748493454,-87.89801498981939,2017-08
3000_135,3000,135,43.037374270737324,-87.90996758977,2018-11
3000_225,3000,225,43.037374270737324,-87.90996758977,2018-11
3000_315,3000,315,43.037374270737324,-87.90996758977,2018-11
3000_45,3000,45,43.037374270737324,-87.90996758977,2018-11
3591_135,3591,135,43.053097298604975,-87.90696188677575,2015-10
3591_225,3591,225,43.053097298604975,-87.90696188677575,2015-10
3591_315,3591,315,43.053097298604975,-87.90696188677575,2015-10
3591_45,3591,45,43.053097298604975,-87.90696188677575,2015-10
3592_135,3592,135,43.030408821809715,-87.91057307317345,2017-10
3592_225,3592,225,43.030408821809715,-87.91057307317345,2017-10
3592_315,3592,315,43.030408821809715,-87.91057307317345,2017-10
3592_45,3592,45,43.030408821809715,-87.91057307317345,2017-10
3649_135,3649,135,43.02835347298046,-87.90966627278401,2015-10
3649_225,3649,225,43.02835347298046,-87.90966627278401,2015-10
3649_315,3649,315,43.02835347298046,-87.90966627278401,2015-10
3649_45,3649,45,43.02835347298046,-87.90966627278401,2015-10
3650_135,3650,135,43.028350859980094,-87.91123819846966,2017-08
3650_225,3650,225,43.028350859980094,-87.91123819846966,2017-08
3650_315,3650,315,43.028350859980094,-87.91123819846966,2017-08
3650_45,3650,45,43.028350859980094,-87.91123819846966,2017-08
3651_135,3651,135,43.03882049800828,-87.90528424769039,2017-08
3651_225,3651,225,43.03882049800828,-87.90528424769039,2017-08
3651_315,3651,315,43.03882049800828,-87.90528424769039,2017-08
3651_45,3651,45,43.03882049800828,-87.90528424769039,2017-08
3652_135,3652,135,43.03888716023962,-87.90395952730829,2017-08
3652_225,3652,225,43.03888716023962,-87.90395952730829,2017-08
3652_315,3652,315,43.03888716023962,-87.90395952730829,2017-08
3652_45,3652,45,43.03888716023962,-87.90395952730829,2017-08
3653_135,3653,135,43.038953899999996,-87.902773,2017-08
3653_225,3653,225,43.038953899999996,-87.902773,2017-08
3653_315,3653,315,43.038953899999996,-87.902773,2017-08
3653_45,3653,45,43.038953899999996,-87.902773,2017-08
3654_135,3654,135,43.03904441312581,-87.90150750418906,2017-08
3654_225,3654,225,43.03904441312581,-87.90150750418906,2017-08
3654_315,3654,315,43.03904441312581,-87.90150750418906,2017-08
3654_45,3654,45,43.03904441312581,-87.90150750418906,2017-08
3655_135,3655,135,43.03854498045715,-87.90908290275671,2018-10
3655_225,3655,225,43.03854498045715,-87.90908290275671,2018-10
3655_315,3655,315,43.03854498045715,-87.90908290275671,2018-10
3655_45,3655,45,43.03854498045715,-87.90908290275671,2018-10
3656_135,3656,135,43.0387555,-87.9065304,2018-10
3656_225,3656,225,43.0387555,-87.9065304,2018-10
3656_315,3656,315,43.0387555,-87.9065304,2018-10
3656_45,3656,45,43.0387555,-87.9065304,2018-10
3657_135,3657,135,43.03869814955328,-87.91013918950743,2011-06
3657_225,3657,225,43.03869814955328,-87.91013918950743,2011-06
3657_315,3657,315,43.03869814955328,-87.91013918950743,2011-06
3657_45,3657,45,43.03869814955328,-87.91013918950743,2011-06
3677_135,3677,135,43.048118,-87.8996959,2018-10
3677_225,3677,225,43.048118,-87.8996959,2018-10
3677_315,3677,315,43.048118,-87.8996959,2018-10
3677_45,3677,45,43.048118,-87.8996959,2018-10
3678_135,3678,135,43.048176419984905,-87.90854448190521,2018-11
3678_225,3678,225,43.048176419984905,-87.90854448190521,2018-11
3678_315,3678,315,43.048176419984905,-87.90854448190521,2018-11
3678_45,3678,45,43.048176419984905,-87.90854448190521,2018-11
3679_135,3679,135,43.0481054,-87.89824990000001,2018-10
3679_225,3679,225,43.0481054,-87.89824990000001,2018-10
3679_315,3679,315,43.0481054,-87.89824990000001,2018-10
3679_45,3679,45,43.0481054,-87.89824990000001,2018-10
3680_135,3680,135,43.0481537,-87.906013,2018-11
3680_225,3680,225,43.0481537,-87.906013,2018-11
3680_315,3680,315,43.0481537,-87.906013,2018-11
3680_45,3680,45,43.0481537,-87.906013,2018-11
3681_135,3681,135,43.048153673219396,-87.90095489983852,2015-09
3681_225,3681,225,43.048153673219396,-87.90095489983852,2015-09
3681_315,3681,315,43.048153673219396,-87.90095489983852,2015-09
3681_45,3681,45,43.048153673219396,-87.90095489983852,2015-09
3682_135,3682,135,43.048153402757556,-87.90471881634821,2018-11
3682_225,3682,225,43.048153402757556,-87.90471881634821,2018-11
3682_315,3682,315,43.048153402757556,-87.90471881634821,2018-11
3682_45,3682,45,43.048153402757556,-87.90471881634821,2018-11
3683_135,3683,135,43.04811923109047,-87.90347152465912,2018-11
3683_225,3683,225,43.04811923109047,-87.90347152465912,2018-11
3683_315,3683,315,43.04811923109047,-87.90347152465912,2018-11
3683_45,3683,45,43.04811923109047,-87.90347152465912,2018-11
3684_135,3684,135,43.04813863151683,-87.9022157622032,2016-11
3684_225,3684,225,43.04813863151683,-87.9022157622032,2016-11
3684_315,3684,315,43.04813863151683,-87.9022157622032,2016-11
3684_45,3684,45,43.04813863151683,-87.9022157622032,2016-11
3685_135,3685,135,43.048170299999995,-87.9072862,2017-10
3685_225,3685,225,43.048170299999995,-87.9072862,2017-10
3685_315,3685,315,43.048170299999995,-87.9072862,2017-10
3685_45,3685,45,43.048170299999995,-87.9072862,2017-10
4104_135,4104,135,43.02942519600147,-87.90801198058749,2017-10
4104_225,4104,225,43.02942519600147,-87.90801198058749,2017-10
4104_315,4104,315,43.02942519600147,-87.90801198058749,2017-10
4104_45,4104,45,43.02942519600147,-87.90801198058749,2017-10
4105_135,4105,135,43.029055,-87.9014303,2017-08
4105_225,4105,225,43.029055,-87.9014303,2017-08
4105_315,4105,315,43.029055,-87.9014303,2017-08
4105_45,4105,45,43.029055,-87.9014303,2017-08
4106_135,4106,135,43.02894404034599,-87.90281993336347,2018-09
4106_225,4106,225,43.02894404034599,-87.90281993336347,2018-09
4106_315,4106,315,43.02894404034599,-87.90281993336347,2018-09
4106_45,4106,45,43.02894404034599,-87.90281993336347,2018-09
4107_135,4107,135,43.029035302352206,-87.90174902713619,2018-09
4107_225,4107,225,43.029035302352206,-87.90174902713619,2018-09
4107_315,4107,315,43.029035302352206,-87.90174902713619,2018-09
4107_45,4107,45,43.029035302352206,-87.90174902713619,2018-09
4154_135,4154,135,43.050547931576254,-87.89963917582493,2018-10
4154_225,4154,225,43.050547931576254,-87.89963917582493,2018-10
4154_315,4154,315,43.050547931576254,-87.89963917582493,2018-10
4154_45,4154,45,43.050547931576254,-87.89963917582493,2018-10
4155_135,4155,135,43.0505421,-87.8981717,2018-10
4155_225,4155,225,43.0505421,-87.8981717,2018-10
4155_315,4155,315,43.0505421,-87.8981717,2018-10
4155_45,4155,45,43.0505421,-87.8981717,2018-10
4156_135,4156,135,43.0517552,-87.90808630000001,2017-08
4156_225,4156,225,43.0517552,-87.90808630000001,2017-08
4156_315,4156,315,43.0517552,-87.90808630000001,2017-08
4156_45,4156,45,43.0517552,-87.90808630000001,2017-08
4157_135,4157,135,43.0506411,-87.90595259999999,2015-10
4157_225,4157,225,43.0506411,-87.90595259999999,2015-10
4157_315,4157,315,43.0506411,-87.90595259999999,2015-10
4157_45,4157,45,43.0506411,-87.90595259999999,2015-10
4158_135,4158,135,43.050537490148656,-87.90088996174713,2015-09
4158_225,4158,225,43.050537490148656,-87.90088996174713,2015-09
4158_315,4158,315,43.050537490148656,-87.90088996174713,2015-09
4158_45,4158,45,43.050537490148656,-87.90088996174713,2015-09
4159_135,4159,135,43.05065511325123,-87.90467036095326,2009-05
4159_225,4159,225,43.05065511325123,-87.90467036095326,2009-05
4159_315,4159,315,43.05065511325123,-87.90467036095326,2009-05
4159_45,4159,45,43.05065511325123,-87.90467036095326,2009-05
4160_135,4160,135,43.05250719332325,-87.90983019164331,2014-10
4160_225,4160,225,43.05250719332325,-87.90983019164331,2014-10
4160_315,4160,315,43.05250719332325,-87.90983019164331,2014-10
4160_45,4160,45,43.05250719332325,-87.90983019164331,2014-10
4161_135,4161,135,43.05057428992898,-87.90334716606793,2011-07
4161_225,4161,225,43.05057428992898,-87.90334716606793,2011-07
4161_315,4161,315,43.05057428992898,-87.90334716606793,2011-07
4161_45,4161,45,43.05057428992898,-87.90334716606793,2011-07
4162_135,4162,135,43.05056405189524,-87.90220421708878,2016-10
4162_225,4162,225,43.05056405189524,-87.90220421708878,2016-10
4162_315,4162,315,43.05056405189524,-87.90220421708878,2016-10
4162_45,4162,45,43.05056405189524,-87.90220421708878,2016-10
4163_135,4163,135,43.05078574478776,-87.90628935438727,2018-07
4163_225,4163,225,43.05078574478776,-87.90628935438727,2018-07
4163_315,4163,315,43.05078574478776,-87.90628935438727,2018-07
4163_45,4163,45,43.05078574478776,-87.90628935438727,2018-07
4164_135,4164,135,43.0524150705221,-87.90922988915031,2017-08
4164_225,4164,225,43.0524150705221,-87.90922988915031,2017-08
4164_315,4164,315,43.0524150705221,-87.90922988915031,2017-08
4164_45,4164,45,43.0524150705221,-87.90922988915031,2017-08
4165_135,4165,135,43.0513811,-87.9073896,2017-08
4165_225,4165,225,43.0513811,-87.9073896,2017-08
4165_315,4165,315,43.0513811,-87.9073896,2017-08
4165_45,4165,45,43.0513811,-87.9073896,2017-08
4166_135,4166,135,43.05051696745009,-87.89688407789477,2017-08
4166_225,4166,225,43.05051696745009,-87.89688407789477,2017-08
4166_315,4166,315,43.05051696745009,-87.89688407789477,2017-08
4166_45,4166,45,43.05051696745009,-87.89688407789477,2017-08
4167_135,4167,135,43.0517552,-87.90808630000001,2017-08
4167_225,4167,225,43.0517552,-87.90808630000001,2017-08
4167_315,4167,315,43.0517552,-87.90808630000001,2017-08
4167_45,4167,45,43.0517552,-87.90808630000001,2017-08
4216_135,4216,135,43.036171872657725,-87.89885918439337,2017-10
4216_225,4216,225,43.036171872657725,-87.89885918439337,2017-10
4216_315,4216,315,43.036171872657725,-87.89885918439337,2017-10
4216_45,4216,45,43.036171872657725,-87.89885918439337,2017-10
4794_135,4794,135,43.0457191,-87.91740659999999,2018-10
4794_225,4794,225,43.0457191,-87.91740659999999,2018-10
4794_315,4794,315,43.0457191,-87.91740659999999,2018-10
4794_45,4794,45,43.0457191,-87.91740659999999,2018-10
485_135,485,135,43.03483280790049,-87.91874823083505,2018-09
485_225,485,225,43.03483280790049,-87.91874823083505,2018-09
485_315,485,315,43.03483280790049,-87.91874823083505,2018-09
485_45,485,45,43.03483280790049,-87.91874823083505,2018-09
5105_135,5105,135,43.040833899999996,-87.9130214,2015-11
5105_225,5105,225,43.040833899999996,-87.9130214,2015-11
5105_315,5105,315,43.040833899999996,-87.9130214,2015-11
5105_45,5105,45,43.040833899999996,-87.9130214,2015-11
5106_135,5106,135,43.035988399479145,-87.9131062258284,2017-08
5106_225,5106,225,43.035988399479145,-87.9131062258284,2017-08
5106_315,5106,315,43.035988399479145,-87.9131062258284,2017-08
5106_45,5106,45,43.035988399479145,-87.9131062258284,2017-08
5107_135,5107,135,43.036656799999996,-87.91308029999999,2017-08
5107_225,5107,225,43.036656799999996,-87.91308029999999,2017-08
5107_315,5107,315,43.036656799999996,-87.91308029999999,2017-08
5107_45,5107,45,43.036656799999996,-87.91308029999999,2017-08
5108_135,5108,135,43.03465472117971,-87.91307351175962,2017-08
5108_225,5108,225,43.03465472117971,-87.91307351175962,2017-08
5108_315,5108,315,43.03465472117971,-87.91307351175962,2017-08
5108_45,5108,45,43.03465472117971,-87.91307351175962,2017-08
5109_135,5109,135,43.03734735550849,-87.91306836635151,2017-08
5109_225,5109,225,43.03734735550849,-87.91306836635151,2017-08
5109_315,5109,315,43.03734735550849,-87.91306836635151,2017-08
5109_45,5109,45,43.03734735550849,-87.91306836635151,2017-08
5110_135,5110,135,43.03873573856037,-87.91305147711037,2009-05
5110_225,5110,225,43.03873573856037,-87.91305147711037,2009-05
5110_315,5110,315,43.03873573856037,-87.91305147711037,2009-05
5110_45,5110,45,43.03873573856037,-87.91305147711037,2009-05
5601_135,5601,135,43.052516481695385,-87.91722051904932,2011-06
5601_225,5601,225,43.052516481695385,-87.91722051904932,2011-06
5601_315,5601,315,43.052516481695385,-87.91722051904932,2011-06
5601_45,5601,45,43.052516481695385,-87.91722051904932,2011-06
6004_135,6004,135,43.05131761997825,-87.89549845661493,2017-08
6004_225,6004,225,43.05131761997825,-87.89549845661493,2017-08
6004_315,6004,315,43.05131761997825,-87.89549845661493,2017-08
6004_45,6004,45,43.05131761997825,-87.89549845661493,2017-08
6235_135,6235,135,43.03603831149999,-87.9175157518575,2017-10
6235_225,6235,225,43.03603831149999,-87.9175157518575,2017-10
6235_315,6235,315,43.03603831149999,-87.9175157518575,2017-10
6235_45,6235,45,43.03603831149999,-87.9175157518575,2017-10
6236_135,6236,135,43.034670906632826,-87.91752502911064,2018-10
6236_225,6236,225,43.034670906632826,-87.91752502911064,2018-10
6236_315,6236,315,43.034670906632826,-87.91752502911064,2018-10
6236_45,6236,45,43.034670906632826,-87.91752502911064,2018-10
6237_135,6237,135,43.037422,-87.9175073,2018-11
6237_225,6237,225,43.037422,-87.9175073,2018-11
6237_315,6237,315,43.037422,-87.9175073,2018-11
6237_45,6237,45,43.037422,-87.9175073,2018-11
6238_135,6238,135,43.03882155591759,-87.91744998234219,2018-11
6238_225,6238,225,43.03882155591759,-87.91744998234219,2018-11
6238_315,6238,315,43.03882155591759,-87.91744998234219,2018-11
6238_45,6238,45,43.03882155591759,-87.91744998234219,2018-11
6506_135,6506,135,43.03595926121768,-87.91458329222664,2017-10
6506_225,6506,225,43.03595926121768,-87.91458329222664,2017-10
6506_315,6506,315,43.03595926121768,-87.91458329222664,2017-10
6506_45,6506,45,43.03595926121768,-87.91458329222664,2017-10
6507_135,6507,135,43.03465344318728,-87.91457688926684,2017-08
6507_225,6507,225,43.03465344318728,-87.91457688926684,2017-08
6507_315,6507,315,43.03465344318728,-87.91457688926684,2017-08
6507_45,6507,45,43.03465344318728,-87.91457688926684,2017-08
7655_135,7655,135,43.03672860814974,-87.914539133854,2017-10
7655_225,7655,225,43.03672860814974,-87.914539133854,2017-10
7655_315,7655,315,43.03672860814974,-87.914539133854,2017-10
7655_45,7655,45,43.03672860814974,-87.914539133854,2017-10
7656_135,7656,135,43.03740680090179,-87.9145035801738,2018-11
7656_225,7656,225,43.03740680090179,-87.9145035801738,2018-11
7656_315,7656,315,43.03740680090179,-87.9145035801738,2018-11
7656_45,7656,45,43.03740680090179,-87.9145035801738,2018-11
8466_135,8466,135,43.050597700000004,-87.91581020000001,2017-08
8466_225,8466,225,43.050597700000004,-87.91581020000001,2017-08
8466_315,8466,315,43.050597700000004,-87.91581020000001,2017-08
8466_45,8466,45,43.050597700000004,-87.91581020000001,2017-08
8470_135,8470,135,43.051208309038884,-87.91580025264221,2007-07
8470_225,8470,225,43.051208309038884,-87.91580025264221,2007-07
8470_315,8470,315,43.051208309038884,-87.91580025264221,2007-07
8470_45,8470,45,43.051208309038884,-87.91580025264221,2007-07
8473_135,8473,135,43.04983824773636,-87.91577250024389,2017-08
8473_225,8473,225,43.04983824773636,-87.91577250024389,2017-08
8473_315,8473,315,43.04983824773636,-87.91577250024389,2017-08
8473_45,8473,45,43.04983824773636,-87.91577250024389,2017-08
8474_135,8474,135,43.03599463399636,-87.91607616797295,2015-11
8474_225,8474,225,43.03599463399636,-87.91607616797295,2015-11
8474_315,8474,315,43.03599463399636,-87.91607616797295,2015-11
8474_45,8474,45,43.03599463399636,-87.91607616797295,2015-11
8475_135,8475,135,43.036771089502956,-87.91597602559229,2016-11
8475_225,8475,225,43.036771089502956,-87.91597602559229,2016-11
8475_315,8475,315,43.036771089502956,-87.91597602559229,2016-11
8475_45,8475,45,43.036771089502956,-87.91597602559229,2016-11
8477_135,8477,135,43.03466011313832,-87.91602872996964,2017-08
8477_225,8477,225,43.03466011313832,-87.91602872996964,2017-08
8477_315,8477,315,43.03466011313832,-87.91602872996964,2017-08
8477_45,8477,45,43.03466011313832,-87.91602872996964,2017-08
8478_135,8478,135,43.05254845584022,-87.91576645029957,2017-08
8478_225,8478,225,43.05254845584022,-87.91576645029957,2017-08
8478_315,8478,315,43.05254845584022,-87.91576645029957,2017-08
8478_45,8478,45,43.05254845584022,-87.91576645029957,2017-08
8480_135,8480,135,43.047108373420365,-87.91584592507824,2017-08
8480_225,8480,225,43.047108373420365,-87.91584592507824,2017-08
8480_315,8480,315,43.047108373420365,-87.91584592507824,2017-08
8480_45,8480,45,43.047108373420365,-87.91584592507824,2017-08
8481_135,8481,135,43.0374160807236,-87.91599758535266,2018-11
8481_225,8481,225,43.0374160807236,-87.91599758535266,2018-11
8481_315,8481,315,43.0374160807236,-87.91599758535266,2018-11
8481_45,8481,45,43.0374160807236,-87.91599758535266,2018-11
8483_135,8483,135,43.048432500000004,-87.9158422,2017-08
8483_225,8483,225,43.048432500000004,-87.9158422,2017-08
8483_315,8483,315,43.048432500000004,-87.9158422,2017-08
8483_45,8483,45,43.048432500000004,-87.9158422,2017-08
8486_135,8486,135,43.04431453670086,-87.91597081580446,2017-08
8486_225,8486,225,43.04431453670086,-87.91597081580446,2017-08
8486_315,8486,315,43.04431453670086,-87.91597081580446,2017-08
8486_45,8486,45,43.04431453670086,-87.91597081580446,2017-08
8488_135,8488,135,43.0457027,-87.9158474,2018-10
8488_225,8488,225,43.0457027,-87.9158474,2018-10
8488_315,8488,315,43.0457027,-87.9158474,2018-10
8488_45,8488,45,43.0457027,-87.9158474,2018-10
8492_135,8492,135,43.041481285741405,-87.91596983681356,2017-08
8492_225,8492,225,43.041481285741405,-87.91596983681356,2017-08
8492_315,8492,315,43.041481285741405,-87.91596983681356,2017-08
8492_45,8492,45,43.041481285741405,-87.91596983681356,2017-08
8493_135,8493,135,43.03876014811695,-87.9160391536126,2017-08
8493_225,8493,225,43.03876014811695,-87.9160391536126,2017-08
8493_315,8493,315,43.03876014811695,-87.9160391536126,2017-08
8493_45,8493,45,43.03876014811695,-87.9160391536126,2017-08
8572_135,8572,135,43.0512153947704,-87.91721842348811,2017-08
8572_225,8572,225,43.0512153947704,-87.91721842348811,2017-08
8572_315,8572,315,43.0512153947704,-87.91721842348811,2017-08
8572_45,8572,45,43.0512153947704,-87.91721842348811,2017-08
8573_135,8573,135,43.04985670062947,-87.91728904384401,2017-08
8573_225,8573,225,43.04985670062947,-87.91728904384401,2017-08
8573_315,8573,315,43.04985670062947,-87.91728904384401,2017-08
8573_45,8573,45,43.04985670062947,-87.91728904384401,2017-08
8574_135,8574,135,43.04849687162532,-87.91730410087546,2015-10
8574_225,8574,225,43.04849687162532,-87.91730410087546,2015-10
8574_315,8574,315,43.04849687162532,-87.91730410087546,2015-10
8574_45,8574,45,43.04849687162532,-87.91730410087546,2015-10
9003_135,9003,135,43.03519869297968,-87.90482376650068,2018-10
9003_225,9003,225,43.03519869297968,-87.90482376650068,2018-10
9003_315,9003,315,43.03519869297968,-87.90482376650068,2018-10
9003_45,9003,45,43.03519869297968,-87.90482376650068,2018-10
9004_135,9004,135,43.0352738,-87.90357519999999,2017-10
9004_225,9004,225,43.0352738,-87.90357519999999,2017-10
9004_315,9004,315,43.0352738,-87.90357519999999,2017-10
9004_45,9004,45,43.0352738,-87.90357519999999,2017-10
9005_135,9005,135,43.0353886,-87.90230749999999,2018-10
9005_225,9005,225,43.0353886,-87.90230749999999,2018-10
9005_315,9005,315,43.0353886,-87.90230749999999,2018-10
9005_45,9005,45,43.0353886,-87.90230749999999,2018-10
9006_135,9006,135,43.034971500000005,-87.9087287,2018-10
9006_225,9006,225,43.034971500000005,-87.9087287,2018-10
9006_315,9006,315,43.034971500000005,-87.9087287,2018-10
9006_45,9006,45,43.034971500000005,-87.9087287,2018-10
9007_135,9007,135,43.034800399999995,-87.9102937,2017-08
9007_225,9007,225,43.034800399999995,-87.9102937,2017-08
9007_315,9007,315,43.034800399999995,-87.9102937,2017-08
9007_45,9007,45,43.034800399999995,-87.9102937,2017-08
9059_135,9059,135,43.051172799999996,-87.91279709999999,2017-08
9059_225,9059,225,43.051172799999996,-87.91279709999999,2017-08
9059_315,9059,315,43.051172799999996,-87.91279709999999,2017-08
9059_45,9059,45,43.051172799999996,-87.91279709999999,2017-08
9064_135,9064,135,43.0498129,-87.9128461,2017-08
9064_225,9064,225,43.0498129,-87.9128461,2017-08
9064_315,9064,315,43.0498129,-87.9128461,2017-08
9064_45,9064,45,43.0498129,-87.9128461,2017-08
9068_135,9068,135,43.0525247763025,-87.91278057517641,2017-08
9068_225,9068,225,43.0525247763025,-87.91278057517641,2017-08
9068_315,9068,315,43.0525247763025,-87.91278057517641,2017-08
9068_45,9068,45,43.0525247763025,-87.91278057517641,2017-08
9128_135,9128,135,43.05123997958803,-87.9186025454593,2017-08
9128_225,9128,225,43.05123997958803,-87.9186025454593,2017-08
9128_315,9128,315,43.05123997958803,-87.9186025454593,2017-08
9128_45,9128,45,43.05123997958803,-87.9186025454593,2017-08
9134_135,9134,135,43.049920311601106,-87.91875099683882,2018-10
9134_225,9134,225,43.049920311601106,-87.91875099683882,2018-10
9134_315,9134,315,43.049920311601106,-87.91875099683882,2018-10
9134_45,9134,45,43.049920311601106,-87.91875099683882,2018-10
9135_135,9135,135,43.03606492944787,-87.91904891580799,2017-08
9135_225,9135,225,43.03606492944787,-87.91904891580799,2017-08
9135_315,9135,315,43.03606492944787,-87.91904891580799,2017-08
9135_45,9135,45,43.03606492944787,-87.91904891580799,2017-08
9137_135,9137,135,43.052531964461615,-87.91849598938154,2017-10
9137_225,9137,225,43.052531964461615,-87.91849598938154,2017-10
9137_315,9137,315,43.052531964461615,-87.91849598938154,2017-10
9137_45,9137,45,43.052531964461615,-87.91849598938154,2017-10
9140_135,9140,135,43.03738115539147,-87.91901131285559,2017-08
9140_225,9140,225,43.03738115539147,-87.91901131285559,2017-08
9140_315,9140,315,43.03738115539147,-87.91901131285559,2017-08
9140_45,9140,45,43.03738115539147,-87.91901131285559,2017-08
9142_135,9142,135,43.049384057336866,-87.9187490083703,2018-10
9142_225,9142,225,43.049384057336866,-87.9187490083703,2018-10
9142_315,9142,315,43.049384057336866,-87.9187490083703,2018-10
9142_45,9142,45,43.049384057336866,-87.9187490083703,2018-10
9143_135,9143,135,43.04847158375571,-87.91867790792034,2017-10
9143_225,9143,225,43.04847158375571,-87.91867790792034,2017-10
9143_315,9143,315,43.04847158375571,-87.91867790792034,2017-10
9143_45,9143,45,43.04847158375571,-87.91867790792034,2017-10
9150_135,9150,135,43.0506944,-87.91872240000001,2018-10
9150_225,9150,225,43.0506944,-87.91872240000001,2018-10
9150_315,9150,315,43.0506944,-87.91872240000001,2018-10
9150_45,9150,45,43.0506944,-87.91872240000001,2018-10
9152_135,9152,135,43.038801763153664,-87.918985205069,2018-11
9152_225,9152,225,43.038801763153664,-87.918985205069,2018-11
9152_315,9152,315,43.038801763153664,-87.918985205069,2018-11
9152_45,9152,45,43.038801763153664,-87.918985205069,2018-11
9153_135,9153,135,43.048893670058014,-87.90896208291599,2018-10
9153_225,9153,225,43.048893670058014,-87.90896208291599,2018-10
9153_315,9153,315,43.048893670058014,-87.90896208291599,2018-10
9153_45,9153,45,43.048893670058014,-87.90896208291599,2018-10
