,missing,null,present,y
0,0.01439291425049305,0.5038474202156067,0.481759637594223,2
1,0.035558950155973434,0.4947904050350189,0.4696506857872009,2
2,0.030482156202197075,0.19412845373153687,0.7753894329071045,2
3,0.03290657326579094,0.29018908739089966,0.6769043803215027,2
4,0.005964645184576511,0.319601833820343,0.6744335293769836,2
5,0.020944807678461075,0.7363982200622559,0.24265696108341217,2
6,0.1260247677564621,0.23270319402217865,0.6412720680236816,2
7,0.061752814799547195,0.1255771517753601,0.8126700520515442,2
8,0.028994552791118622,0.34093666076660156,0.6300687789916992,2
9,0.2593083083629608,0.08702921867370605,0.6536624431610107,2
10,0.010084496811032295,0.1719619780778885,0.8179535269737244,2
11,0.024621782824397087,0.43182477355003357,0.5435535311698914,2
12,0.04442908242344856,0.1769905835390091,0.7785803079605103,2
13,0.0020665146876126528,0.3387342095375061,0.6591992974281311,2
14,0.007552715949714184,0.5550738573074341,0.43737345933914185,2
15,0.006924507673829794,0.18334746360778809,0.8097280263900757,2
16,0.01065740268677473,0.6328807473182678,0.35646191239356995,2
17,0.005328933708369732,0.20785561203956604,0.7868154644966125,2
18,0.09996972978115082,0.4498158395290375,0.4502144455909729,2
19,0.029479412361979485,0.4570130705833435,0.5135075449943542,2
20,0.00777172576636076,0.47446486353874207,0.5177633762359619,2
21,0.02539854310452938,0.2982412874698639,0.6763601899147034,2
22,0.0029081476386636496,0.6561980247497559,0.34089377522468567,2
23,0.018440479412674904,0.34076228737831116,0.6407972574234009,2
24,0.008852251805365086,0.36573266983032227,0.6254151463508606,2
25,0.025124289095401764,0.15507309138774872,0.8198025822639465,2
26,0.0035560312680900097,0.9416549801826477,0.05478909984230995,2
27,0.015963846817612648,0.5839658379554749,0.40007030963897705,2
28,0.030522847548127174,0.20362302660942078,0.7658540606498718,2
29,0.01880146749317646,0.3123261332511902,0.6688723564147949,2
30,0.05827467516064644,0.09192496538162231,0.8498003482818604,2
31,0.011166437529027462,0.1888391077518463,0.7999945282936096,2
32,0.005333585664629936,0.9173188805580139,0.07734756916761398,2
33,0.06089182570576668,0.015061073005199432,0.9240471124649048,2
34,0.05719820037484169,0.09363318979740143,0.849168598651886,2
35,0.010342838242650032,0.3664746880531311,0.623182475566864,2
36,0.014204485341906548,0.5459021329879761,0.4398934841156006,2
37,0.016829054802656174,0.6164804100990295,0.36669060587882996,2
38,0.004832071252167225,0.18844863772392273,0.8067193031311035,2
39,0.029903961345553398,0.637638509273529,0.3324574828147888,2
40,0.007653294131159782,0.32775673270225525,0.6645899415016174,2
41,0.035554591566324234,0.10714404284954071,0.8573013544082642,2
42,0.007998395711183548,0.5057806372642517,0.48622095584869385,2
43,0.00538622634485364,0.574624240398407,0.41998958587646484,2
44,0.003563473466783762,0.16726936399936676,0.8291671872138977,2
45,0.17388653755187988,0.007804486900568008,0.81830894947052,2
46,0.02022675983607769,0.6635442972183228,0.316228985786438,2
47,0.006124965380877256,0.8068063855171204,0.18706870079040527,2
48,0.009733079932630062,0.17761901021003723,0.8126478791236877,2
49,0.010752859525382519,0.31040501594543457,0.6788421869277954,2
50,0.011281749233603477,0.6544212698936462,0.33429694175720215,2
51,0.013736852444708347,0.5471802949905396,0.4390828609466553,2
52,0.005541104357689619,0.6408060789108276,0.35365283489227295,2
53,0.002407017396762967,0.2703566253185272,0.7272363305091858,2
54,0.0058793495409190655,0.3390200734138489,0.6551005840301514,2
55,0.02321048080921173,0.24627837538719177,0.7305111885070801,2
56,0.07226333767175674,0.249558687210083,0.6781779527664185,2
57,0.004880671389400959,0.6272422671318054,0.3678770661354065,2
58,0.0008488380699418485,0.043489355593919754,0.9556617736816406,2
59,0.012275551445782185,0.3646444082260132,0.6230800151824951,2
60,0.009176750667393208,0.4908028542995453,0.500020444393158,2
61,0.04090554639697075,0.24161303043365479,0.7174814343452454,2
62,0.004596239887177944,0.2604333758354187,0.7349703907966614,2
63,0.010484573431313038,0.46372464299201965,0.5257908701896667,2
64,0.01339950691908598,0.27996355295181274,0.7066369652748108,2
65,0.0014261517208069563,0.5031838417053223,0.4953899681568146,2
66,0.006511471699923277,0.647159993648529,0.3463285565376282,2
67,0.008522378280758858,0.17689117789268494,0.8145864605903625,2
68,0.006866755895316601,0.32693254947662354,0.6662006974220276,2
69,0.16860392689704895,0.2440558820962906,0.587340235710144,2
70,0.007941240444779396,0.5898578763008118,0.40220093727111816,2
71,0.07840801775455475,0.23461541533470154,0.6869765520095825,2
72,0.0041470006108284,0.5707545280456543,0.4250985085964203,2
73,0.01182218361645937,0.15072719752788544,0.8374506235122681,2
74,0.0455944649875164,0.4878157675266266,0.4665897786617279,2
75,0.058271508663892746,0.5267463326454163,0.4149821102619171,2
76,0.012673641555011272,0.6916372776031494,0.29568901658058167,2
77,0.007671661674976349,0.6628483533859253,0.32947996258735657,2
78,0.00422037485986948,0.14258070290088654,0.8531988859176636,2
79,0.039230335503816605,0.08357816934585571,0.877191424369812,2
80,0.03586733341217041,0.8629991412162781,0.10113353282213211,2
81,0.019243808463215828,0.1166900172829628,0.8640662431716919,2
82,0.004813306033611298,0.868385910987854,0.1268007755279541,2
83,0.026882359758019447,0.11610781401395798,0.8570098876953125,2
84,0.01328129693865776,0.3747582733631134,0.6119604110717773,2
85,0.010841279290616512,0.5375551581382751,0.4516036808490753,2
86,0.03256959095597267,0.7433781623840332,0.22405214607715607,2
87,0.07301779836416245,0.3536002039909363,0.5733820199966431,2
88,0.016405504196882248,0.5893887281417847,0.39420583844184875,2
89,0.022790851071476936,0.2916353940963745,0.6855736970901489,2
90,0.010771320201456547,0.4673117995262146,0.5219168663024902,2
91,0.0021782643161714077,0.2829551696777344,0.7148666381835938,2
92,0.0030752590391784906,0.35978296399116516,0.6371417045593262,2
93,0.015219267457723618,0.48848628997802734,0.49629437923431396,2
94,0.09338647127151489,0.1579030156135559,0.7487105131149292,2
95,0.0015753020998090506,0.543906033039093,0.4545186460018158,2
96,0.041163746267557144,0.5553482174873352,0.40348803997039795,2
97,0.06294923275709152,0.5583983659744263,0.37865227460861206,2
98,0.036176897585392,0.383110374212265,0.5807127356529236,2
99,0.003077524481341243,0.3715396821498871,0.6253828406333923,2
100,0.0030313541647046804,0.656721830368042,0.3402468264102936,2
101,0.03899122774600983,0.06623745709657669,0.8947712779045105,2
102,0.010663400404155254,0.15201008319854736,0.8373264670372009,2
103,0.10412494093179703,0.2499854564666748,0.6458895802497864,2
104,0.06636489927768707,0.23711347579956055,0.6965215802192688,2
105,0.0037653660401701927,0.0699753537774086,0.9262592792510986,2
106,0.010359125211834908,0.2692781686782837,0.7203627228736877,2
107,0.0032567749731242657,0.4845794439315796,0.5121638178825378,2
108,0.016338232904672623,0.06200998276472092,0.9216517806053162,2
109,0.006713431794196367,0.785845935344696,0.20744071900844574,2
110,0.0474969856441021,0.5049239993095398,0.44757911562919617,2
111,0.033131375908851624,0.11665207147598267,0.8502165675163269,2
112,0.00845798198133707,0.34757694602012634,0.6439650654792786,2
113,0.007163537200540304,0.10620709508657455,0.8866294026374817,2
114,0.0021205293014645576,0.6664036512374878,0.33147579431533813,2
115,0.008822239935398102,0.45371508598327637,0.537462592124939,2
116,0.003842610167339444,0.5156551003456116,0.48050224781036377,2
117,0.01634717546403408,0.5060120820999146,0.47764062881469727,2
118,0.02149239555001259,0.10126031935214996,0.8772472739219666,2
119,0.015631146728992462,0.34582504630088806,0.6385437250137329,2
120,0.007815043441951275,0.3460252583026886,0.6461597084999084,2
121,0.026869356632232666,0.35628828406333923,0.6168423295021057,2
122,0.008143515326082706,0.05644381418824196,0.9354127049446106,2
123,0.024346642196178436,0.36854082345962524,0.6071125864982605,2
124,0.00784789677709341,0.2651979625225067,0.7269541621208191,2
125,0.018338384106755257,0.05748462304472923,0.9241770505905151,2
126,0.013988910242915154,0.7170178294181824,0.2689932882785797,2
127,0.008145904168486595,0.36403992772102356,0.6278141736984253,2
128,0.011173048987984657,0.24202263355255127,0.7468042969703674,2
129,0.017762497067451477,0.3645445704460144,0.6176930069923401,2
130,0.0020634562242776155,0.5584660768508911,0.43947044014930725,2
131,0.016264092177152634,0.5997118949890137,0.3840239942073822,2
132,0.011880181729793549,0.6131958961486816,0.3749239146709442,2
133,0.029986921697854996,0.2286680042743683,0.7413449883460999,2
134,0.01781648024916649,0.7753986120223999,0.20678485929965973,2
135,0.010503346100449562,0.5345882177352905,0.45490843057632446,2
136,0.009668059647083282,0.06765487045049667,0.9226770401000977,2
137,0.020491959527134895,0.8644106984138489,0.115097276866436,2
138,0.0203825943171978,0.5235005617141724,0.45611682534217834,2
139,0.039673540741205215,0.43247178196907043,0.5278547406196594,2
140,0.005477422382682562,0.7367627620697021,0.2577597498893738,2
141,0.01703857257962227,0.49903562664985657,0.48392581939697266,2
142,0.014983202330768108,0.12898670136928558,0.8560301065444946,2
143,0.0038433480076491833,0.05939491465687752,0.9367617964744568,2
144,0.004529793281108141,0.3861854672431946,0.6092847585678101,2
145,0.08378632366657257,0.11697989702224731,0.7992338538169861,2
146,0.026252327486872673,0.23238973319530487,0.7413579821586609,2
147,0.032336827367544174,0.27273866534233093,0.6949244737625122,2
148,0.01603543944656849,0.06274285912513733,0.9212217330932617,2
149,0.016081461682915688,0.3821546137332916,0.6017639636993408,2
150,0.002239774214103818,0.4849458634853363,0.5128144025802612,2
151,0.0025745064485818148,0.6662850975990295,0.3311404287815094,2
152,0.008767182007431984,0.7739807963371277,0.21725204586982727,2
153,0.02420279011130333,0.10081665962934494,0.8749805092811584,2
154,0.024071676656603813,0.677463710308075,0.2984646260738373,2
155,0.010436204262077808,0.40417540073394775,0.5853884220123291,2
156,0.013336900621652603,0.11536532640457153,0.8712977170944214,2
157,0.1539164036512375,0.12704777717590332,0.719035804271698,2
158,0.03829190880060196,0.09121780842542648,0.8704902529716492,2
159,0.004348200745880604,0.39642587304115295,0.5992259383201599,2
160,0.020465681329369545,0.4303036332130432,0.549230694770813,2
161,0.010552414692938328,0.19541051983833313,0.7940371036529541,2
162,0.0024142994079738855,0.814643144607544,0.18294253945350647,2
163,0.024394070729613304,0.3870078921318054,0.5885980725288391,2
164,0.03226671367883682,0.30858415365219116,0.6591491103172302,2
165,0.0052614579908549786,0.5542652010917664,0.4404733180999756,2
166,0.06911186873912811,0.24202631413936615,0.6888618469238281,2
167,0.024431714788079262,0.24869275093078613,0.7268756031990051,2
168,0.05193521827459335,0.13419723510742188,0.8138675689697266,2
169,0.11720588058233261,0.09041910618543625,0.7923750281333923,2
170,0.006616947706788778,0.07315004616975784,0.9202330708503723,2
171,0.005557349417358637,0.5177239179611206,0.4767187833786011,2
172,0.07992841303348541,0.15656660497188568,0.7635049819946289,2
173,0.011778856627643108,0.19408638775348663,0.7941347360610962,2
174,0.011137913912534714,0.17706415057182312,0.8117979764938354,2
175,0.028556320816278458,0.07698087394237518,0.8944627642631531,2
176,0.03131028264760971,0.6117560863494873,0.3569336533546448,2
177,0.0301966592669487,0.3595234453678131,0.61027991771698,2
178,0.003384371055290103,0.15261532366275787,0.8440002799034119,2
179,0.09733809530735016,0.055708445608615875,0.8469534516334534,2
180,0.006008871830999851,0.11397192627191544,0.8800191879272461,2
181,0.03166450187563896,0.24498380720615387,0.7233516573905945,2
182,0.012140123173594475,0.17970263957977295,0.8081572651863098,2
183,0.025544187054038048,0.7896096706390381,0.18484607338905334,2
184,0.09403988718986511,0.12484072148799896,0.7811193466186523,2
185,0.046675849705934525,0.2198091298341751,0.7335150837898254,2
186,0.030964888632297516,0.2754063308238983,0.6936287879943848,2
187,0.007971647195518017,0.4679820239543915,0.5240463614463806,2
188,0.0060819219797849655,0.7068865895271301,0.28703150153160095,2
189,0.004228863399475813,0.4879295825958252,0.5078415274620056,2
190,0.007817772217094898,0.5021527409553528,0.490029513835907,2
191,0.007167215459048748,0.027150724083185196,0.9656820893287659,2
192,0.020301226526498795,0.08807923644781113,0.8916195034980774,2
193,0.004440818447619677,0.0937843918800354,0.9017748236656189,2
194,0.016801802441477776,0.45682650804519653,0.5263717174530029,2
195,0.010622931644320488,0.06962762773036957,0.9197494387626648,2
196,0.015242695808410645,0.5681766271591187,0.4165807068347931,2
197,0.005513536278158426,0.09848366677761078,0.8960028290748596,2
198,0.01445780973881483,0.6750655174255371,0.3104766607284546,2
199,0.026621434837579727,0.1549866795539856,0.8183919191360474,2
200,0.02512797713279724,0.2231469452381134,0.7517251372337341,2
201,0.009667345322668552,0.551842987537384,0.438489705324173,2
202,0.06698217242956161,0.2115715742111206,0.7214462161064148,2
203,0.0022262048441916704,0.03324386104941368,0.9645298719406128,2
204,0.0025809016078710556,0.6397815942764282,0.357637494802475,2
205,0.013190756551921368,0.049524612724781036,0.9372845888137817,2
206,0.023915154859423637,0.3287150263786316,0.6473698616027832,2
207,0.0822344645857811,0.385623574256897,0.532141923904419,2
208,0.0028467171359807253,0.15428099036216736,0.8428722620010376,2
209,0.045817598700523376,0.21035902202129364,0.7438234090805054,2
210,0.004079029429703951,0.04226138815283775,0.9536595940589905,2
211,0.0074294679798185825,0.8344330191612244,0.1581374704837799,2
212,0.006557409651577473,0.5163760185241699,0.47706663608551025,2
213,0.04022761806845665,0.36930206418037415,0.5904703140258789,2
214,0.042893268167972565,0.05666768178343773,0.9004390239715576,2
215,0.0009051913511939347,0.07959389686584473,0.9195009469985962,2
216,0.005759457591921091,0.07694694399833679,0.9172936081886292,2
217,0.026807401329278946,0.29228320717811584,0.6809093952178955,2
218,0.003882892895489931,0.2659914493560791,0.7301256656646729,2
219,0.05904886871576309,0.292985200881958,0.6479659676551819,2
220,0.0179249607026577,0.022463366389274597,0.959611713886261,2
221,0.013449590653181076,0.14679059386253357,0.8397598266601562,2
222,0.00981120765209198,0.08209783583879471,0.9080909490585327,2
223,0.015249919146299362,0.4151768982410431,0.5695732235908508,2
224,0.010741793550550938,0.7557417750358582,0.23351649940013885,2
225,0.030059266835451126,0.06331808865070343,0.9066227078437805,2
226,0.11017567664384842,0.10965485125780106,0.7801694273948669,2
227,0.0010423873318359256,0.24553856253623962,0.753419041633606,2
228,0.04539922624826431,0.012715020217001438,0.941885769367218,2
229,0.026541678234934807,0.24153436720371246,0.7319239377975464,2
230,0.15217649936676025,0.1427425593137741,0.7050809264183044,2
231,0.007287586107850075,0.36656737327575684,0.62614506483078,2
232,0.004877811297774315,0.8030356764793396,0.19208648800849915,2
233,0.0025343880988657475,0.10509629547595978,0.8923693299293518,2
234,0.096271812915802,0.08212968707084656,0.8215985298156738,2
235,0.0237556304782629,0.174075186252594,0.8021692037582397,2
236,0.04510731250047684,0.30994826555252075,0.644944429397583,2
237,0.004885495640337467,0.1024329736828804,0.8926815390586853,2
238,0.015233967453241348,0.4821465015411377,0.5026195645332336,2
239,0.01032442506402731,0.3787693679332733,0.6109062433242798,2
240,0.03100896254181862,0.18061105906963348,0.788379967212677,2
241,0.010907298885285854,0.6127243638038635,0.37636834383010864,2
242,0.021468495950102806,0.24538753926753998,0.7331439256668091,2
243,0.018756385892629623,0.6783451437950134,0.30289846658706665,2
244,0.0024210752453655005,0.23086997866630554,0.7667089104652405,2
245,0.004445549100637436,0.9213764071464539,0.07417803257703781,2
246,0.010051978752017021,0.3605799973011017,0.629368007183075,2
247,0.003111006459221244,0.3549763262271881,0.6419126391410828,2
248,0.015746617689728737,0.11971262842416763,0.8645407557487488,2
249,0.11178041249513626,0.045304469764232635,0.8429151177406311,2
250,0.06413532793521881,0.26760801672935486,0.6682567000389099,2
251,0.0026667218189686537,0.05195949226617813,0.9453737735748291,2
252,0.0157479140907526,0.26759761571884155,0.7166544198989868,2
253,0.005416480358690023,0.8969768285751343,0.09760677069425583,2
254,0.002626118715852499,0.5647446513175964,0.43262922763824463,2
255,0.002496747998520732,0.4929220974445343,0.5045811533927917,2
256,0.27622339129447937,0.07620638608932495,0.6475702524185181,2
257,0.026973189786076546,0.7293099761009216,0.2437167912721634,2
258,0.03750147670507431,0.017460351809859276,0.9450381994247437,2
259,0.011112179607152939,0.6690314412117004,0.31985634565353394,2
260,0.06464947015047073,0.11062942445278168,0.824721097946167,2
261,0.0010829285020008683,0.9373770952224731,0.06153997406363487,2
262,0.007541516330093145,0.1614164412021637,0.8310420513153076,2
263,0.12705375254154205,0.19052796065807343,0.6824182868003845,2
264,0.005786684807389975,0.539752185344696,0.4544612169265747,2
265,0.024186281487345695,0.5428566336631775,0.43295714259147644,2
266,0.00627627270296216,0.4811706244945526,0.5125530362129211,2
267,0.03676813840866089,0.08233149349689484,0.8809003829956055,2
268,0.006697379052639008,0.18398348987102509,0.8093191385269165,2
269,0.015547407791018486,0.7584028244018555,0.2260497510433197,2
270,0.019499151036143303,0.5553585290908813,0.4251422882080078,2
271,0.031468264758586884,0.11925853043794632,0.8492732048034668,2
272,0.04536690562963486,0.259139746427536,0.6954933404922485,2
273,0.00398854399099946,0.28156912326812744,0.7144423127174377,2
274,0.01895667053759098,0.1790410578250885,0.8020022511482239,2
275,0.017836300656199455,0.2509371340274811,0.7312265634536743,2
276,0.015155395492911339,0.24735236167907715,0.7374922037124634,2
277,0.04504048824310303,0.057611133903265,0.8973483443260193,2
278,0.044643186032772064,0.31433814764022827,0.6410186886787415,2
279,0.01826595328748226,0.1290055215358734,0.852728545665741,2
280,0.026532871648669243,0.17837299406528473,0.7950941324234009,2
281,0.21649186313152313,0.017716234549880028,0.7657918930053711,2
282,0.02690376527607441,0.2845601439476013,0.6885361075401306,2
283,0.010466733016073704,0.051922526210546494,0.9376106858253479,2
284,0.0321938693523407,0.5160513520240784,0.45175477862358093,2
285,0.043225325644016266,0.4789070188999176,0.4778677523136139,2
286,0.0019310459028929472,0.23846442997455597,0.7596045732498169,2
287,0.007951512932777405,0.3990424573421478,0.5930060744285583,2
288,0.011806597001850605,0.3893076181411743,0.5988858342170715,2
289,0.06674214452505112,0.5890851616859436,0.3441726863384247,2
290,0.04870368912816048,0.2106902003288269,0.7406060695648193,2
291,0.025504417717456818,0.5410738587379456,0.4334217309951782,2
292,0.08058871328830719,0.10632098466157913,0.8130903244018555,2
293,0.013543646782636642,0.044205956161022186,0.9422503709793091,2
294,0.10445566475391388,0.07134433835744858,0.8242000341415405,2
295,0.004376988857984543,0.7151567935943604,0.2804662585258484,2
296,0.035644810646772385,0.1202550083398819,0.8441001176834106,2
297,0.03919645771384239,0.35681360960006714,0.6039898991584778,2
298,0.041382186114788055,0.272014319896698,0.6866035461425781,2
299,0.07179491966962814,0.22488899528980255,0.7033160328865051,2
300,0.04645850509405136,0.10431722551584244,0.849224328994751,2
301,0.03432667255401611,0.07450263947248459,0.8911706209182739,2
302,0.013525008223950863,0.40386393666267395,0.5826110243797302,2
303,0.02910076081752777,0.1937147080898285,0.7771845459938049,2
304,0.016282662749290466,0.23248766362667084,0.7512296438217163,2
305,0.04084222763776779,0.13564667105674744,0.8235111236572266,2
306,0.007579141296446323,0.5100268721580505,0.4823940098285675,2
307,0.36068981885910034,0.09830449521541595,0.5410057306289673,2
308,0.009618883952498436,0.5399333834648132,0.450447678565979,2
309,0.04765220731496811,0.23518888652324677,0.7171589136123657,2
310,0.0363955944776535,0.31458166241645813,0.6490227580070496,2
311,0.02540755830705166,0.29453834891319275,0.6800540685653687,2
312,0.024669388309121132,0.1711011528968811,0.8042294979095459,2
313,0.008639330975711346,0.3245348334312439,0.6668258905410767,2
314,0.054582953453063965,0.07798527181148529,0.8674317598342896,2
315,0.019269773736596107,0.5046022534370422,0.476127952337265,2
316,0.007617457304149866,0.31640714406967163,0.6759753227233887,2
317,0.01776149496436119,0.4293117821216583,0.552926778793335,2
318,0.02520790696144104,0.2507510781288147,0.7240409851074219,2
319,0.04196963831782341,0.24705152213573456,0.7109788060188293,2
320,0.06282340735197067,0.058625228703022,0.8785513639450073,2
321,0.0016371733509004116,0.5015926957130432,0.49677014350891113,2
322,0.004132773727178574,0.2538154721260071,0.7420517802238464,2
323,0.018223091959953308,0.21859775483608246,0.7631791234016418,2
324,0.005826272070407867,0.5020058751106262,0.49216780066490173,2
325,0.0398700125515461,0.7781264781951904,0.18200355768203735,2
326,0.0034172243904322386,0.7353456020355225,0.26123708486557007,2
327,0.08749618381261826,0.11244256794452667,0.8000611662864685,2
328,0.010956373065710068,0.7333704233169556,0.2556731104850769,2
329,0.06321294605731964,0.009544612839818,0.9272423982620239,2
330,0.0074303038418293,0.8466366529464722,0.14593306183815002,2
331,0.02954700030386448,0.07923133671283722,0.8912217020988464,2
332,0.15744183957576752,0.015638969838619232,0.8269191980361938,2
333,0.020722104236483574,0.23455427587032318,0.7447235584259033,2
334,0.008985476568341255,0.5475998520851135,0.4434146285057068,2
335,0.019273431971669197,0.07821226865053177,0.9025143384933472,2
336,0.11524265259504318,0.22632065415382385,0.6584367752075195,2
337,0.0055754948407411575,0.26442596316337585,0.7299985289573669,2
338,0.023699335753917694,0.07739762961864471,0.8989030122756958,2
339,0.008881870657205582,0.6985077261924744,0.29261037707328796,2
340,0.00955944787710905,0.05491723120212555,0.9355233907699585,2
341,0.005713236052542925,0.17575818300247192,0.8185285329818726,2
342,0.005468378309160471,0.6740296483039856,0.32050207257270813,2
343,0.014664729125797749,0.847369909286499,0.13796526193618774,2
344,0.015333167277276516,0.7688282132148743,0.21583855152130127,2
345,0.006493300199508667,0.7325372695922852,0.2609693706035614,2
346,0.007448726799339056,0.698501706123352,0.29404956102371216,2
347,0.0017639345023781061,0.7534634470939636,0.24477256834506989,2
348,0.006756791844964027,0.5263981819152832,0.4668450355529785,2
349,0.03979978710412979,0.2357320338487625,0.7244681715965271,2
350,0.004168219398707151,0.8622711300849915,0.13356061279773712,2
351,0.04957018792629242,0.11229861527681351,0.8381311893463135,2
352,0.2048073410987854,0.05787379667162895,0.7373188734054565,2
353,0.06366139650344849,0.1916751116514206,0.7446635365486145,2
354,0.014453575946390629,0.6777980327606201,0.3077484369277954,2
355,0.008573505096137524,0.46822524070739746,0.5232012271881104,2
356,0.07612118124961853,0.26699066162109375,0.6568881273269653,2
357,0.023369142785668373,0.03661015257239342,0.940020740032196,2
358,0.008765467442572117,0.5666021704673767,0.42463234066963196,0
359,0.026171937584877014,0.6905142664909363,0.2833138406276703,0
360,0.019338935613632202,0.18521924316883087,0.7954418659210205,0
361,0.12804120779037476,0.3810533881187439,0.49090540409088135,0
362,0.0023559401743113995,0.49397119879722595,0.5036727786064148,0
363,0.021219519898295403,0.38753026723861694,0.5912501811981201,0
364,0.027753902599215508,0.6005707383155823,0.37167537212371826,0
365,0.015998277813196182,0.5573646426200867,0.4266369938850403,0
366,0.0033176352735608816,0.7271941304206848,0.26948824524879456,0
367,0.014281297102570534,0.6315350532531738,0.3541836142539978,0
368,0.08499442785978317,0.014301997609436512,0.9007035493850708,0
369,0.04894927144050598,0.17666324973106384,0.7743874788284302,0
370,0.0032938590738922358,0.13213539123535156,0.8645707368850708,0
371,0.006731724366545677,0.2678193747997284,0.7254489064216614,0
372,0.0009176014573313296,0.1542772650718689,0.844805121421814,0
373,0.007369418162852526,0.7495399117469788,0.24309061467647552,0
374,0.004147028084844351,0.1488444209098816,0.8470085263252258,0
375,0.01027568057179451,0.18163207173347473,0.8080922961235046,0
376,0.18069422245025635,0.25727027654647827,0.5620355606079102,0
377,0.011006060987710953,0.3377900719642639,0.6512038707733154,0
378,0.009097875095903873,0.36682450771331787,0.6240776181221008,0
379,0.005047889426350594,0.4060836732387543,0.5888684391975403,0
380,0.35286086797714233,0.16777303814888,0.47936612367630005,0
381,0.03657381981611252,0.31858423352241516,0.6448419094085693,0
382,0.048681579530239105,0.12046737223863602,0.8308510780334473,0
383,0.002763057593256235,0.8192887306213379,0.1779482066631317,0
384,0.050512198358774185,0.4799506366252899,0.4695371985435486,0
385,0.011309816502034664,0.13470309972763062,0.8539870381355286,0
386,0.047544945031404495,0.12360496073961258,0.8288500905036926,0
387,0.0100787915289402,0.3998093605041504,0.5901117920875549,0
388,0.00091637356672436,0.5754326581954956,0.4236508905887604,0
389,0.0010135485790669918,0.11329329758882523,0.8856931328773499,0
390,0.3440985083580017,0.009758093394339085,0.6461434364318848,0
391,0.03849317505955696,0.24308040738105774,0.7184264063835144,0
392,0.030541466549038887,0.3122188448905945,0.6572397351264954,0
393,0.021333687007427216,0.08474992215633392,0.8939163684844971,0
394,0.022659510374069214,0.49892014265060425,0.47842034697532654,0
395,0.07098204642534256,0.5431078672409058,0.38591012358665466,0
396,0.012801763601601124,0.9454326033592224,0.04176558926701546,1
397,0.0051146564073860645,0.6646391749382019,0.33024612069129944,1
398,0.0038825785741209984,0.7823474407196045,0.2137700319290161,1
399,0.011121214367449284,0.6901534199714661,0.29872530698776245,1
400,0.0033190895337611437,0.7175485491752625,0.2791324257850647,1
401,0.04496147856116295,0.4631449580192566,0.49189355969429016,1
402,0.008134390227496624,0.719852089881897,0.27201348543167114,1
403,0.04049665853381157,0.44330090284347534,0.516202449798584,1
404,0.004608228337019682,0.6565476059913635,0.33884406089782715,1
405,0.06155126169323921,0.5130129456520081,0.42543572187423706,1
406,0.0012685453984886408,0.64881831407547,0.3499131202697754,1
407,0.010877659544348717,0.8938409686088562,0.09528140723705292,1
408,0.0007631288608536124,0.8829420208930969,0.11629481613636017,1
409,0.002713992027565837,0.6265827417373657,0.3707032799720764,1
410,0.006223128642886877,0.7602642178535461,0.23351258039474487,1
411,0.030360354110598564,0.22649753093719482,0.7431420683860779,1
412,0.004217562731355429,0.5878819227218628,0.40790048241615295,1
413,0.01618221029639244,0.7882384061813354,0.195579394698143,1
414,0.0028980299830436707,0.9531381726264954,0.04396376758813858,1
415,0.010779483243823051,0.26234015822410583,0.7268803715705872,1
416,0.0028460442554205656,0.3408619463443756,0.6562920212745667,1
417,0.002476988360285759,0.9261825680732727,0.07134031504392624,1
418,0.0035625530872493982,0.7161973118782043,0.28024011850357056,1
419,0.00904080830514431,0.7638344764709473,0.22712478041648865,1
420,0.04219592735171318,0.6135798692703247,0.344224214553833,1
421,0.04582080617547035,0.4041842818260193,0.549994945526123,1
422,0.012602178379893303,0.7619357705116272,0.22546200454235077,1
423,0.07141092419624329,0.8712575435638428,0.057331494987010956,1
424,0.001830834080465138,0.9301437139511108,0.06802543997764587,1
425,0.005735156126320362,0.8170680403709412,0.17719683051109314,1
426,0.005846160463988781,0.9439964294433594,0.05015740171074867,1
427,0.016690047457814217,0.5950347185134888,0.38827523589134216,1
428,0.09104738384485245,0.43561819195747375,0.4733343720436096,1
429,0.027760636061429977,0.19658686220645905,0.7756524682044983,1
430,0.0014629124198108912,0.4489774703979492,0.5495596528053284,1
431,0.008065864443778992,0.7850930094718933,0.20684108138084412,1
432,0.008519921451807022,0.7412843704223633,0.2501956820487976,1
433,0.009151124395430088,0.8430097699165344,0.14783912897109985,1
434,0.04094180837273598,0.32120224833488464,0.6378560066223145,1
435,0.01985323429107666,0.8763077259063721,0.1038389727473259,1
436,0.13245823979377747,0.6107624769210815,0.2567792236804962,1
437,0.006949251517653465,0.9316778182983398,0.061372965574264526,1
438,0.013314438983798027,0.07312776148319244,0.913557767868042,1
439,0.014109480194747448,0.5693212747573853,0.41656923294067383,1
440,0.0004613501951098442,0.9601601362228394,0.03937842696905136,1
441,0.0025907554663717747,0.8074133396148682,0.1899958997964859,1
442,0.011568733491003513,0.9467200636863708,0.04171126335859299,1
443,0.1759110689163208,0.4027973413467407,0.42129167914390564,1
444,0.06551758944988251,0.3954409956932068,0.5390413403511047,1
445,0.00023708624939899892,0.9843699932098389,0.01539296843111515,1
446,0.022395562380552292,0.6899674534797668,0.2876368761062622,1
447,0.008034209720790386,0.3305392265319824,0.6614265441894531,1
448,0.03440236300230026,0.8145819306373596,0.1510157287120819,1
449,0.009465150535106659,0.6602074503898621,0.33032745122909546,1
450,0.08135289698839188,0.568010151386261,0.35063695907592773,1
451,0.0201587937772274,0.7761107087135315,0.203730508685112,1
452,0.01648738980293274,0.7964070439338684,0.18710556626319885,1
453,0.005739925894886255,0.21994364261627197,0.7743164300918579,1
454,0.004076721146702766,0.11081286519765854,0.8851103782653809,1
455,0.00604303739964962,0.22670474648475647,0.7672522068023682,1
456,0.004318722989410162,0.5771536231040955,0.4185277223587036,1
457,0.009032955393195152,0.8381138443946838,0.15285322070121765,1
458,0.016755085438489914,0.7427130937576294,0.2405318021774292,1
459,0.004878293257206678,0.8283013105392456,0.16682040691375732,1
460,0.04547388479113579,0.5274814367294312,0.42704465985298157,1
461,0.01943105272948742,0.6964330077171326,0.2841359078884125,1
462,0.0043517425656318665,0.9325240850448608,0.0631241500377655,1
463,0.059439487755298615,0.6925407648086548,0.248019739985466,1
464,0.0016439174069091678,0.9652174115180969,0.03313862904906273,1
465,0.018265824764966965,0.3023691773414612,0.6793650388717651,1
466,0.0026943597476929426,0.8693885207176208,0.1279170662164688,1
467,0.032460324466228485,0.6292098760604858,0.3383297920227051,1
468,0.005025592632591724,0.9457107782363892,0.04926355928182602,1
469,0.01137523539364338,0.8052507638931274,0.1833740770816803,1
470,0.007848641835153103,0.22841013967990875,0.7637411952018738,1
471,0.0029074642807245255,0.6896175742149353,0.3074749708175659,1
472,8.003977563930675e-05,0.9850884079933167,0.014831534586846828,1
473,0.011211331002414227,0.8488882184028625,0.13990046083927155,1
474,0.00762703875079751,0.8945735692977905,0.09779942035675049,1
475,0.018504055216908455,0.38366755843162537,0.5978284478187561,1
476,0.012052512727677822,0.41668426990509033,0.5712632536888123,1
477,0.0004967853892594576,0.48607996106147766,0.5134232044219971,1
478,0.061750270426273346,0.7060748338699341,0.23217493295669556,1
479,0.001351933111436665,0.9761137962341309,0.022534282878041267,1
480,0.005617305636405945,0.9029572010040283,0.09142546355724335,1
481,0.00999872013926506,0.6453720331192017,0.3446292281150818,1
482,0.005099231842905283,0.7491973042488098,0.24570350348949432,1
483,0.01302424818277359,0.9059707522392273,0.08100490272045135,1
484,0.018695635721087456,0.9408122897148132,0.040492087602615356,1
485,0.006450384855270386,0.852209210395813,0.14134036004543304,1
486,0.017619524151086807,0.2873781621456146,0.6950022578239441,1
487,0.023510396480560303,0.2877141237258911,0.6887754797935486,1
488,0.00960824266076088,0.7428910732269287,0.24750067293643951,1
489,0.026812277734279633,0.39619630575180054,0.5769913792610168,1
490,0.010311461985111237,0.9592952132225037,0.03039332665503025,1
491,0.0030965625774115324,0.9617697596549988,0.035133637487888336,1
492,0.011412232182919979,0.39416489005088806,0.5944228768348694,1
493,0.003224586136639118,0.7745035886764526,0.22227181494235992,1
494,0.003434442915022373,0.9695355892181396,0.02703004702925682,1
495,0.012471888214349747,0.791354238986969,0.19617392122745514,1
496,0.006595743354409933,0.867592990398407,0.12581126391887665,1
497,0.002533781575039029,0.866533100605011,0.13093306124210358,1
498,0.007052360102534294,0.9300118088722229,0.06293576210737228,1
499,0.005922236479818821,0.6624862551689148,0.33159157633781433,1
500,0.005309962201863527,0.7900962829589844,0.2045937329530716,1
501,0.02743483893573284,0.38793209195137024,0.5846330523490906,1
502,0.03696427494287491,0.7503323554992676,0.2127034068107605,1
503,0.0018515626434236765,0.9324499368667603,0.0656985193490982,1
504,0.005435589700937271,0.8899811506271362,0.10458321869373322,1
505,0.05233210325241089,0.2865487337112427,0.6611191034317017,1
506,0.0014221805613487959,0.9522457718849182,0.046332113444805145,1
507,0.08973968774080276,0.4397431015968323,0.47051721811294556,1
508,0.01595522277057171,0.5723440647125244,0.41170063614845276,1
509,0.004861769266426563,0.8273240923881531,0.16781406104564667,1
510,0.05191369727253914,0.23418404161930084,0.7139022350311279,1
511,0.02625155821442604,0.7590611577033997,0.2146872878074646,1
512,0.005110552068799734,0.9502735137939453,0.04461584985256195,1
513,0.03146902471780777,0.7081158757209778,0.26041513681411743,1
514,0.030482713133096695,0.6180167198181152,0.3515005111694336,1
515,0.09258224815130234,0.5493776202201843,0.3580401837825775,1
516,0.002489957958459854,0.4947490990161896,0.5027609467506409,1
517,0.008794133551418781,0.6090438365936279,0.38216203451156616,1
518,0.018016237765550613,0.6133590340614319,0.3686247169971466,1
519,0.012262288480997086,0.3976909816265106,0.590046763420105,1
520,0.0266753938049078,0.7716150283813477,0.20170961320400238,1
521,0.007794685196131468,0.8179689645767212,0.17423631250858307,1
522,0.003368592355400324,0.9324166774749756,0.06421472877264023,1
523,0.0016809620428830385,0.8478279113769531,0.15049105882644653,1
524,0.0016162068350240588,0.7411353588104248,0.2572484612464905,1
525,0.02446679398417473,0.30004072189331055,0.675492525100708,1
526,0.0027878975961357355,0.9839869737625122,0.013225178234279156,1
527,0.07253745943307877,0.5902372598648071,0.33722519874572754,1
528,0.02337147295475006,0.5384856462478638,0.43814289569854736,1
529,0.0015531911049038172,0.9016526937484741,0.09679416567087173,1
530,0.0015904834726825356,0.9252874851226807,0.07312203198671341,1
531,0.01619752123951912,0.827265202999115,0.1565372347831726,1
532,0.005290922708809376,0.8282226920127869,0.16648633778095245,1
533,0.0023891665041446686,0.563656210899353,0.4339545667171478,1
534,0.00950823538005352,0.8717113137245178,0.11878041177988052,1
535,0.002550091128796339,0.9516294598579407,0.04582042247056961,1
536,0.006488209590315819,0.36466604471206665,0.6288456916809082,1
537,0.020649662241339684,0.5364583134651184,0.44289204478263855,1
538,0.03643351048231125,0.1380079686641693,0.8255584836006165,1
539,0.010465827770531178,0.5982171893119812,0.3913169205188751,1
540,0.013400819152593613,0.4701108932495117,0.516488254070282,1
541,0.001839172444306314,0.7991576790809631,0.19900323450565338,1
542,0.008416015654802322,0.8804516792297363,0.11113225668668747,1
543,0.03668210655450821,0.6550174355506897,0.3083004951477051,1
544,0.007725125178694725,0.9404082298278809,0.05186673626303673,1
545,0.007436077110469341,0.8718938231468201,0.12067009508609772,1
546,0.010489885695278645,0.16028985381126404,0.8292202949523926,1
547,0.005648242775350809,0.2166510820388794,0.7777007222175598,1
548,0.00891833659261465,0.5058287978172302,0.48525288701057434,1
549,0.0010934725869446993,0.33979547023773193,0.6591110825538635,1
550,0.003221802646294236,0.8070700168609619,0.18970827758312225,1
551,0.006751086097210646,0.8208889961242676,0.17235992848873138,1
552,0.06503649055957794,0.4582759141921997,0.4766875207424164,1
553,0.008146910928189754,0.4586228132247925,0.5332302451133728,1
554,0.016202086582779884,0.5995733737945557,0.38422447443008423,1
555,0.0006905130576342344,0.8626308441162109,0.13667865097522736,1
556,0.011049234308302402,0.02915693074464798,0.9597938656806946,1
557,0.014545287005603313,0.6807323694229126,0.304722398519516,1
558,0.020842811092734337,0.7614610195159912,0.2176962047815323,1
559,0.024427499622106552,0.5231179594993591,0.45245450735092163,1
560,0.020841527730226517,0.5398536920547485,0.43930473923683167,1
561,0.03465120121836662,0.4986362159252167,0.4667125642299652,1
562,0.12731216847896576,0.24208083748817444,0.630607008934021,1
563,0.011820866726338863,0.2486044019460678,0.7395747303962708,1
564,0.025065258145332336,0.46795859932899475,0.5069762468338013,1
565,0.003191837342455983,0.4232173562049866,0.5735907554626465,1
566,0.008441977202892303,0.5674384832382202,0.42411959171295166,1
567,0.0014909945894032717,0.7400772571563721,0.25843173265457153,1
568,0.019442951306700706,0.27723467350006104,0.7033224105834961,1
569,0.00304405577480793,0.6725978851318359,0.3243580758571625,1
570,0.00045551382936537266,0.5667553544044495,0.4327891170978546,1
571,0.0015564371133223176,0.8071821928024292,0.1912614107131958,1
572,0.007768502924591303,0.9432550072669983,0.048976581543684006,1
573,0.04718299210071564,0.6404335498809814,0.3123834729194641,1
574,0.014385522343218327,0.8963726758956909,0.08924183249473572,1
575,0.0070107122883200645,0.6937856674194336,0.29920369386672974,1
576,0.001096473541110754,0.900531530380249,0.0983719676733017,1
577,0.002642764011397958,0.901682436466217,0.09567483514547348,1
578,0.0285059604793787,0.6342711448669434,0.3372229337692261,1
579,0.0008849816513247788,0.9115814566612244,0.08753347396850586,1
580,0.006366355810314417,0.8514220118522644,0.1422116458415985,1
581,0.008454626426100731,0.8083460330963135,0.18319927155971527,1
582,0.028259659186005592,0.6210402250289917,0.3507000803947449,1
583,0.00171124585904181,0.4285845160484314,0.5697042346000671,1
584,0.000875922734849155,0.4660554826259613,0.5330686569213867,1
585,0.003373068058863282,0.36129117012023926,0.6353357434272766,1
586,0.0020462521351873875,0.9488711357116699,0.049082621932029724,1
587,0.061323828995227814,0.4613737463951111,0.4773024618625641,1
588,0.002334523480385542,0.9522271752357483,0.045438267290592194,1
589,0.007864349521696568,0.44574758410453796,0.5463880896568298,1
590,0.010106252506375313,0.45900431275367737,0.5308894515037537,1
591,0.0012301296228542924,0.936471700668335,0.06229817122220993,1
592,0.11297445744276047,0.22341066598892212,0.6636148691177368,1
593,0.03323153406381607,0.39792975783348083,0.5688387155532837,1
594,0.017704548314213753,0.7263225317001343,0.2559729814529419,1
595,0.04604582488536835,0.43166330456733704,0.522290825843811,1
596,0.00802102405577898,0.5991141200065613,0.39286482334136963,1
597,0.02435769885778427,0.8444553017616272,0.1311870664358139,1
598,0.009966222569346428,0.9312683939933777,0.05876539647579193,1
599,0.0132360327988863,0.911702036857605,0.07506194710731506,1
600,0.014094839803874493,0.7178253531455994,0.26807987689971924,1
601,0.0008330614655278623,0.868485689163208,0.13068123161792755,1
602,0.002600223757326603,0.8705039024353027,0.12689587473869324,1
603,0.010848353616893291,0.07241262495517731,0.9167390465736389,1
604,0.0009699404472485185,0.952080488204956,0.04694955796003342,1
605,0.007193941157311201,0.8106215596199036,0.18218445777893066,1
606,0.002683364786207676,0.6437733173370361,0.3535434305667877,1
607,0.04250599816441536,0.6226096749305725,0.3348843455314636,1
608,0.027112282812595367,0.4483183026313782,0.5245694518089294,1
609,0.04167179390788078,0.366787850856781,0.5915403962135315,1
610,0.00299296947196126,0.5371201038360596,0.45988696813583374,1
611,0.011792080476880074,0.8564391136169434,0.13176888227462769,1
612,0.01905127242207527,0.5685049891471863,0.41244372725486755,1
613,0.010842602699995041,0.864296019077301,0.12486139684915543,1
614,0.004646007437258959,0.915161669254303,0.08019228279590607,1
615,0.003022561315447092,0.6901271939277649,0.30685025453567505,1
616,0.0033950586803257465,0.33270859718322754,0.663896381855011,1
617,0.0925789326429367,0.1797168254852295,0.7277042865753174,1
618,0.004354029428213835,0.46751245856285095,0.5281334519386292,1
619,0.030151046812534332,0.701572597026825,0.2682763338088989,1
620,0.0015076291747391224,0.8943074941635132,0.1041848435997963,1
621,0.0014413020107895136,0.6226736307144165,0.37588509917259216,1
622,0.007588176988065243,0.944858968257904,0.04755285009741783,1
623,0.08494560420513153,0.23669055104255676,0.6783638596534729,1
624,0.015935035422444344,0.8811155557632446,0.10294937342405319,1
625,0.005319078452885151,0.7923386096954346,0.20234224200248718,1
626,0.007654906250536442,0.4864233136177063,0.5059217810630798,1
627,0.008392559364438057,0.36883291602134705,0.6227745413780212,1
628,0.0027283558156341314,0.36243540048599243,0.6348362565040588,1
629,0.00033983876346610487,0.9916468858718872,0.008013218641281128,1
630,0.006305696442723274,0.8251494765281677,0.16854478418827057,1
631,0.049860529601573944,0.711209774017334,0.23892974853515625,1
632,0.009689628146588802,0.6421158313751221,0.3481944799423218,1
633,0.01586138643324375,0.9262998700141907,0.05783877521753311,1
634,0.0045141251757740974,0.6423261165618896,0.3531598448753357,1
635,0.04959787800908089,0.9070106744766235,0.043391402810811996,1
636,0.018043674528598785,0.8295328617095947,0.15242339670658112,1
637,0.0026019802317023277,0.9547504186630249,0.042647697031497955,1
638,0.010334856808185577,0.8919371366500854,0.09772801399230957,1
639,0.03182585537433624,0.8097854256629944,0.1583886295557022,1
640,0.021208995953202248,0.6797769665718079,0.29901406168937683,1
641,0.052468761801719666,0.3011683523654938,0.646362841129303,1
642,0.04268276318907738,0.39390137791633606,0.5634158849716187,1
643,0.034501947462558746,0.4447425305843353,0.5207555294036865,1
644,0.06550557911396027,0.3225335478782654,0.6119608879089355,1
645,0.07664338499307632,0.38840997219085693,0.5349466800689697,1
646,0.03116651065647602,0.6091103553771973,0.35972315073013306,1
647,0.0006694730836898088,0.8546175360679626,0.14471299946308136,1
648,0.0012808818137273192,0.8291645646095276,0.16955453157424927,1
649,0.00445352029055357,0.3363332152366638,0.6592131853103638,1
650,0.033086709678173065,0.7746903300285339,0.1922229826450348,1
651,0.014798838645219803,0.7010615468025208,0.28413963317871094,1
652,0.012257631868124008,0.8198724985122681,0.1678699254989624,1
653,0.08538813889026642,0.07676463574171066,0.8378471732139587,1
654,0.06085868552327156,0.47707000374794006,0.46207132935523987,1
655,0.003073763335123658,0.7769383192062378,0.2199879288673401,1
656,0.005016358103603125,0.8849439024925232,0.11003976315259933,1
657,0.0004246018943376839,0.797132670879364,0.2024427205324173,1
658,0.030195318162441254,0.525718629360199,0.44408610463142395,1
659,0.007809645030647516,0.7099084854125977,0.28228187561035156,1
660,0.001094672130420804,0.9786098003387451,0.02029559761285782,1
661,0.012784390710294247,0.508918285369873,0.47829729318618774,1
662,0.08874007314443588,0.7169046401977539,0.19435524940490723,1
663,0.016265125945210457,0.22462110221385956,0.7591137886047363,1
664,0.006204541772603989,0.7737042903900146,0.22009120881557465,1
665,0.006028999574482441,0.3468896746635437,0.6470813751220703,1
666,0.007921488955616951,0.18447436392307281,0.8076040744781494,1
667,0.0036847887095063925,0.6275367140769958,0.3687785565853119,1
668,0.004975723102688789,0.9123199582099915,0.08270424604415894,1
669,0.02773979678750038,0.5086164474487305,0.46364378929138184,1
670,0.009302695281803608,0.7222065329551697,0.26849082112312317,1
671,0.0173037126660347,0.2651328146457672,0.7175634503364563,1
672,0.0012736718636006117,0.5446726083755493,0.45405372977256775,1
673,0.012261703610420227,0.8756127953529358,0.11212551593780518,1
674,0.0021750705782324076,0.9102309346199036,0.08759408444166183,1
675,0.003933329600840807,0.5603487491607666,0.43571794033050537,1
676,0.004778883885592222,0.756223738193512,0.23899737000465393,1
677,0.0006536126602441072,0.9630945920944214,0.03625175729393959,1
678,0.01584843173623085,0.8428633809089661,0.1412881463766098,1
679,0.003776397556066513,0.9261484146118164,0.07007508724927902,1
680,0.06427554786205292,0.4783741235733032,0.45735031366348267,1
681,0.01589473895728588,0.8546572327613831,0.12944801151752472,1
682,0.024134764447808266,0.8793037533760071,0.09656152129173279,1
683,0.025326520204544067,0.9168215394020081,0.057852014899253845,1
684,0.0034697186201810837,0.8129839897155762,0.183546245098114,1
685,0.016938133165240288,0.4583824872970581,0.5246793627738953,1
686,0.010187712498009205,0.15979816019535065,0.830014169216156,1
687,0.006448645610362291,0.5395599007606506,0.45399147272109985,1
688,0.02113562636077404,0.8176746964454651,0.16118961572647095,1
689,0.008895150385797024,0.17861714959144592,0.8124877214431763,1
690,0.0027878619730472565,0.8502576351165771,0.1469544917345047,1
691,0.019645459949970245,0.519108772277832,0.4612457752227783,1
692,0.02704981341958046,0.8331665396690369,0.13978362083435059,1
693,0.004851380363106728,0.8992194533348083,0.09592922031879425,1
694,0.03171239048242569,0.3845739960670471,0.5837136507034302,1
695,0.003575856564566493,0.8823513984680176,0.11407280713319778,1
696,0.0037213978357613087,0.8374375700950623,0.158841073513031,1
697,0.019163835793733597,0.545738160610199,0.4350980222225189,1
698,0.02730877324938774,0.6009237170219421,0.37176749110221863,1
699,0.0007680188282392919,0.7063098549842834,0.2929219901561737,1
700,0.012352360412478447,0.29896020889282227,0.6886873841285706,1
701,0.0070786625146865845,0.8911558985710144,0.1017654538154602,1
702,0.10602990537881851,0.7534408569335938,0.14052927494049072,1
703,0.01110048033297062,0.40870365500450134,0.5801958441734314,1
704,0.12539976835250854,0.39719071984291077,0.4774094820022583,1
705,0.00986027903854847,0.6080787181854248,0.3820610046386719,1
706,0.0020637456327676773,0.9151630997657776,0.0827731266617775,1
707,0.011701754294335842,0.9304355978965759,0.057862598448991776,1
708,0.001973338657990098,0.9693624973297119,0.028664201498031616,1
709,0.025464683771133423,0.8592520356178284,0.11528328061103821,1
710,0.005098296795040369,0.7333507537841797,0.2615509331226349,1
711,0.00048711904673837125,0.7881450653076172,0.21136780083179474,1
712,0.03468736633658409,0.4916404187679291,0.47367218136787415,1
713,0.006975806318223476,0.5179161429405212,0.4751080572605133,1
714,0.0021375694777816534,0.9739892482757568,0.023873252794146538,1
715,0.00978029053658247,0.28125622868537903,0.7089635133743286,1
716,0.00742637412622571,0.9268955588340759,0.06567803770303726,1
717,0.008344883099198341,0.9295675158500671,0.062087539583444595,1
718,0.007690487429499626,0.47976768016815186,0.5125417709350586,1
719,0.0089360186830163,0.5042603015899658,0.48680365085601807,1
720,0.02150113694369793,0.5880273580551147,0.390471488237381,1
721,0.008203372359275818,0.9405702948570251,0.05122626572847366,1
722,0.0036921699065715075,0.7166467905044556,0.27966105937957764,1
723,0.002968249376863241,0.9576908946037292,0.03934086486697197,1
724,0.08492565900087357,0.20983514189720154,0.7052391767501831,1
725,0.00497191958129406,0.9838132858276367,0.011214709840714931,1
726,0.012465326115489006,0.4870448112487793,0.5004898905754089,1
727,0.00946317333728075,0.6764522194862366,0.31408461928367615,1
728,0.018417319282889366,0.20253589749336243,0.7790467739105225,1
729,0.0008015402709133923,0.9914461374282837,0.007752323988825083,1
730,0.008182698860764503,0.8721834421157837,0.11963385343551636,1
731,0.002310296753421426,0.7236024737358093,0.27408722043037415,1
732,0.02633213996887207,0.8709927797317505,0.10267508774995804,1
733,0.009377693757414818,0.7757687568664551,0.21485355496406555,1
734,0.003612891770899296,0.25974929332733154,0.7366378307342529,1
735,0.004777699243277311,0.4124581217765808,0.5827641487121582,1
736,0.007687313016504049,0.3312249779701233,0.661087691783905,1
737,0.0002731942804530263,0.9211769700050354,0.0785498172044754,1
738,0.0026642458979040384,0.7958559989929199,0.20147976279258728,1
739,0.006845259573310614,0.8809758424758911,0.11217886954545975,1
740,0.0028451597318053246,0.8379985094070435,0.15915630757808685,1
741,0.03363232687115669,0.21250416338443756,0.7538634538650513,1
742,0.08916553109884262,0.5198593139648438,0.39097514748573303,1
743,0.013677284121513367,0.732419490814209,0.25390318036079407,1
744,0.03246579319238663,0.28159299492836,0.6859411597251892,1
745,0.03707479313015938,0.47216466069221497,0.49076053500175476,1
746,0.014004847966134548,0.6996219754219055,0.28637319803237915,1
747,0.03714652732014656,0.15728622674942017,0.80556720495224,1
748,0.002981109544634819,0.97313392162323,0.023884912952780724,1
749,0.025518113747239113,0.0985814705491066,0.8759004473686218,1
750,0.0036895654629915953,0.9120662212371826,0.0842442438006401,1
751,0.027360647916793823,0.49592235684394836,0.4767169654369354,1
752,0.024825425818562508,0.25170955061912537,0.7234650254249573,1
